model,nodes,vertices,features,time,exp_type,density
agnn,1,1048576,128,544.551,AGNN_THIS_WORK,0.0001
agnn,1,1048576,16,0.5929696559906006,AGNN_NORM,
agnn,1,1048576,16,11.478,AGNN_THIS_WORK,0.0001
agnn,1,1048576,16,11.497,AGNN_THIS_WORK,0.0001
agnn,1,1048576,16,2.1421284675598145,AGNN_DIST,
agnn,1,1048576,16,67.34310340881348,AGNN_DIST_SAMPLE,
agnn,1,131072,128,0.1645271778106689,AGNN_DIST,0.0001
agnn,1,131072,128,0.2274470329284668,AGNN_DIST,0.01
agnn,1,131072,128,0.2786459922790527,AGNN_AGNN_DIST,
agnn,1,131072,128,1.152775764465332,AGNN_DIST_SAMPLE,0.0001
agnn,1,131072,128,1.708672046661377,AGNN_DIST_SAMPLE,0.001
agnn,1,131072,128,2.1475229263305664,AGNN_DIST_SAMPLE,0.01
agnn,1,131072,128,3.1429812908172607,AGNN_AGNN_DIST_SAMPLE,
agnn,1,131072,128,354.283,AGNN_THIS_WORK,0.01
agnn,1,131072,128,356.024,AGNN_AGNN_THIS_WORK,
agnn,1,131072,128,356.292,AGNN_THIS_WORK,0.01
agnn,1,131072,128,44.752,AGNN_THIS_WORK,0.001
agnn,1,131072,128,7.223,AGNN_THIS_WORK,0.0001
agnn,1,131072,16,0.0892565250396728,AGNN_NORM,
agnn,1,131072,16,0.117156982421875,AGNN_DIST,0.0001
agnn,1,131072,16,0.1230635643005371,AGNN_DIST,0.001
agnn,1,131072,16,0.1365370750427246,AGNN_DIST,0.01
agnn,1,131072,16,0.1420254707336425,AGNN_DIST,
agnn,1,131072,16,0.395,AGNN_THIS_WORK,0.0001
agnn,1,131072,16,0.896,AGNN_THIS_WORK,0.001
agnn,1,131072,16,1.494241714477539,AGNN_DIST_SAMPLE,0.0001
agnn,1,131072,16,2.052114248275757,AGNN_DIST_SAMPLE,0.001
agnn,1,131072,16,2.483962297439575,AGNN_DIST_SAMPLE,0.01
agnn,1,131072,16,3.4209747314453125,AGNN_DIST_SAMPLE,
agnn,1,131072,16,3.693,AGNN_THIS_WORK,0.01
agnn,1,131072,16,3.734,AGNN_THIS_WORK,0.01
agnn,1,2097152,16,215.5280015468597,AGNN_DIST_SAMPLE,
agnn,1,2097152,16,7.196830749511719,AGNN_DIST,
agnn,1,262144,128,0.413733959197998,AGNN_DIST,0.0001
agnn,1,262144,128,0.5395617485046387,AGNN_DIST,0.001
agnn,1,262144,128,0.6528069972991943,AGNN_DIST,0.01
agnn,1,262144,128,23.328,AGNN_THIS_WORK,0.0001
agnn,1,262144,128,239.597,AGNN_THIS_WORK,0.001
agnn,1,262144,128,3.5346519947052,AGNN_DIST_SAMPLE,0.0001
agnn,1,262144,128,5.0216240882873535,AGNN_DIST_SAMPLE,0.001
agnn,1,262144,128,6.608523368835449,AGNN_DIST_SAMPLE,0.01
agnn,1,262144,16,0.2484328746795654,AGNN_DIST,0.0001
agnn,1,262144,16,0.2793014049530029,AGNN_DIST,0.001
agnn,1,262144,16,0.2964777946472168,AGNN_DIST,0.01
agnn,1,262144,16,0.3713607788085937,AGNN_DIST,
agnn,1,262144,16,1.0,AGNN_THIS_WORK,0.0001
agnn,1,262144,16,10.505476713180542,AGNN_DIST_SAMPLE,
agnn,1,262144,16,3.333,AGNN_THIS_WORK,0.001
agnn,1,262144,16,4.355276584625244,AGNN_DIST_SAMPLE,0.0001
agnn,1,262144,16,5.8869922161102295,AGNN_DIST_SAMPLE,0.001
agnn,1,262144,16,7.5325939655303955,AGNN_DIST_SAMPLE,0.01
agnn,1,524288,128,1.1643362045288086,AGNN_DIST,0.0001
agnn,1,524288,128,1.5265462398529053,AGNN_DIST,0.001
agnn,1,524288,128,10.197913646697998,AGNN_DIST_SAMPLE,0.0001
agnn,1,524288,128,107.785,AGNN_THIS_WORK,0.0001
agnn,1,524288,128,15.489681482315063,AGNN_DIST_SAMPLE,0.001
agnn,1,524288,16,0.5610506534576416,AGNN_DIST,0.0001
agnn,1,524288,16,11.58333659172058,AGNN_DIST_SAMPLE,0.0001
agnn,1,524288,16,15.841,AGNN_THIS_WORK,0.001
agnn,1,524288,16,3.423,AGNN_THIS_WORK,0.0001
agnn,16,1048576,128,236.139,AGNN_THIS_WORK,0.001
agnn,16,1048576,128,28.917,AGNN_THIS_WORK,0.0001
agnn,16,1048576,128,29.468,AGNN_THIS_WORK,0.0001
agnn,16,1048576,16,1.156,AGNN_THIS_WORK,0.0001
agnn,16,1048576,16,1.199,AGNN_THIS_WORK,0.0001
agnn,16,1048576,16,3.10693097114563,AGNN_DIST,
agnn,16,1048576,16,3.33,AGNN_THIS_WORK,0.001
agnn,16,1048576,16,4.003606081008911,AGNN_DIST_SAMPLE,
agnn,16,131072,128,0.0974445343017578,AGNN_DIST,0.0001
agnn,16,131072,128,0.1012542247772216,AGNN_DIST,0.001
agnn,16,131072,128,0.1209845542907714,AGNN_DIST,0.01
agnn,16,131072,128,0.2087910175323486,AGNN_AGNN_DIST,
agnn,16,131072,128,0.2258107662200927,AGNN_DIST_SAMPLE,0.0001
agnn,16,131072,128,0.2777905464172363,AGNN_DIST_SAMPLE,0.001
agnn,16,131072,128,0.3498246669769287,AGNN_DIST_SAMPLE,0.01
agnn,16,131072,128,0.5241811275482178,AGNN_AGNN_DIST_SAMPLE,
agnn,16,131072,128,1.095,AGNN_THIS_WORK,0.0001
agnn,16,131072,128,2.332,AGNN_THIS_WORK,0.001
agnn,16,131072,128,8.678,AGNN_THIS_WORK,0.01
agnn,16,131072,128,8.721,AGNN_AGNN_THIS_WORK,
agnn,16,131072,128,8.81,AGNN_THIS_WORK,0.01
agnn,16,131072,16,0.0867366790771484,AGNN_DIST,0.001
agnn,16,131072,16,0.102121353149414,AGNN_DIST,0.0001
agnn,16,131072,16,0.108,AGNN_THIS_WORK,0.0001
agnn,16,131072,16,0.1173076629638671,AGNN_DIST,0.01
agnn,16,131072,16,0.2042436599731445,AGNN_DIST,
agnn,16,131072,16,0.2259223461151123,AGNN_DIST_SAMPLE,0.0001
agnn,16,131072,16,0.241,AGNN_THIS_WORK,0.001
agnn,16,131072,16,0.3068351745605469,AGNN_DIST_SAMPLE,0.001
agnn,16,131072,16,0.321,AGNN_THIS_WORK,0.01
agnn,16,131072,16,0.343,AGNN_THIS_WORK,0.01
agnn,16,131072,16,0.3826525211334228,AGNN_DIST_SAMPLE,0.01
agnn,16,131072,16,0.5816745758056641,AGNN_DIST_SAMPLE,
agnn,16,2097152,128,130.495,AGNN_THIS_WORK,0.0001
agnn,16,2097152,128,130.947,AGNN_THIS_WORK,0.0001
agnn,16,2097152,16,11.411282300949097,AGNN_DIST,
agnn,16,2097152,16,13.034884691238403,AGNN_DIST_SAMPLE,
agnn,16,2097152,16,15.083,AGNN_THIS_WORK,0.001
agnn,16,2097152,16,3.869,AGNN_THIS_WORK,0.0001
agnn,16,2097152,16,4.087,AGNN_THIS_WORK,0.0001
agnn,16,262144,128,0.1407086849212646,AGNN_DIST,0.0001
agnn,16,262144,128,0.2207176685333252,AGNN_DIST,0.001
agnn,16,262144,128,0.2441952228546142,AGNN_DIST,0.01
agnn,16,262144,128,0.3540310859680176,AGNN_DIST_SAMPLE,0.0001
agnn,16,262144,128,0.5171308517456055,AGNN_DIST_SAMPLE,0.001
agnn,16,262144,128,0.7050633430480957,AGNN_DIST_SAMPLE,0.01
agnn,16,262144,128,3.187,AGNN_THIS_WORK,0.0001
agnn,16,262144,128,56.832,AGNN_THIS_WORK,0.01
agnn,16,262144,128,57.307,AGNN_THIS_WORK,0.01
agnn,16,262144,128,8.221,AGNN_THIS_WORK,0.001
agnn,16,262144,16,0.0919222831726074,AGNN_DIST,0.0001
agnn,16,262144,16,0.1571981906890869,AGNN_DIST,0.001
agnn,16,262144,16,0.195,AGNN_THIS_WORK,0.0001
agnn,16,262144,16,0.2092328071594238,AGNN_DIST,0.01
agnn,16,262144,16,0.3334622383117676,AGNN_DIST_SAMPLE,0.0001
agnn,16,262144,16,0.3514933586120605,AGNN_DIST,
agnn,16,262144,16,0.354,AGNN_THIS_WORK,0.001
agnn,16,262144,16,0.5075855255126953,AGNN_DIST_SAMPLE,0.001
agnn,16,262144,16,0.6463272571563721,AGNN_DIST_SAMPLE,0.01
agnn,16,262144,16,0.954,AGNN_THIS_WORK,0.01
agnn,16,262144,16,0.9768557548522948,AGNN_DIST_SAMPLE,
agnn,16,262144,16,0.991,AGNN_THIS_WORK,0.01
agnn,16,524288,128,0.5194900035858154,AGNN_DIST,0.0001
agnn,16,524288,128,0.5952308177947998,AGNN_DIST,0.001
agnn,16,524288,128,0.918463945388794,AGNN_DIST_SAMPLE,0.0001
agnn,16,524288,128,1.2532973289489746,AGNN_DIST_SAMPLE,0.001
agnn,16,524288,128,304.045,AGNN_THIS_WORK,0.01
agnn,16,524288,128,42.449,AGNN_THIS_WORK,0.001
agnn,16,524288,128,8.571,AGNN_THIS_WORK,0.0001
agnn,16,524288,16,0.457,AGNN_THIS_WORK,0.0001
agnn,16,524288,16,0.5625429153442383,AGNN_DIST,0.001
agnn,16,524288,16,0.965,AGNN_THIS_WORK,0.001
agnn,16,524288,16,1.2381591796875,AGNN_DIST_SAMPLE,0.001
agnn,16,524288,16,3.458,AGNN_THIS_WORK,0.01
agnn,2,1048576,16,11.69194507598877,AGNN_DIST,
agnn,2,1048576,16,30.27275347709656,AGNN_DIST_SAMPLE,
agnn,2,131072,128,0.3369002342224121,AGNN_DIST,0.0001
agnn,2,131072,128,0.3769700527191162,AGNN_DIST,0.001
agnn,2,131072,128,0.427837610244751,AGNN_DIST,0.01
agnn,2,131072,128,0.4337706565856933,AGNN_AGNN_DIST,
agnn,2,131072,128,0.6439907550811768,AGNN_DIST_SAMPLE,0.0001
agnn,2,131072,128,0.8541934490203857,AGNN_DIST_SAMPLE,0.001
agnn,2,131072,128,1.0793118476867676,AGNN_DIST_SAMPLE,0.01
agnn,2,131072,128,1.429260015487671,AGNN_AGNN_DIST_SAMPLE,
agnn,2,131072,16,0.1915252208709716,AGNN_DIST,0.01
agnn,2,131072,16,0.3068215847015381,AGNN_DIST,0.001
agnn,2,131072,16,0.3159871101379394,AGNN_DIST,
agnn,2,131072,16,0.5144941806793213,AGNN_DIST,0.0001
agnn,2,131072,16,0.799431562423706,AGNN_DIST_SAMPLE,0.0001
agnn,2,131072,16,1.0202641487121582,AGNN_DIST_SAMPLE,0.001
agnn,2,131072,16,1.163677453994751,AGNN_DIST_SAMPLE,0.01
agnn,2,131072,16,1.6543121337890625,AGNN_DIST_SAMPLE,
agnn,2,2097152,16,107.44582748413086,AGNN_DIST_SAMPLE,
agnn,2,2097152,16,61.86097741127014,AGNN_DIST,
agnn,2,262144,128,0.5985667705535889,AGNN_DIST,0.001
agnn,2,262144,128,0.7231733798980713,AGNN_DIST,0.0001
agnn,2,262144,128,1.4682974815368652,AGNN_DIST,0.01
agnn,2,262144,128,1.7670636177062988,AGNN_DIST_SAMPLE,0.0001
agnn,2,262144,128,2.53339958190918,AGNN_DIST_SAMPLE,0.001
agnn,2,262144,128,3.115808248519897,AGNN_DIST_SAMPLE,0.01
agnn,2,262144,16,0.4036355018615722,AGNN_DIST,0.01
agnn,2,262144,16,0.9104065895080566,AGNN_DIST,0.001
agnn,2,262144,16,1.1030604839324951,AGNN_DIST,0.0001
agnn,2,262144,16,2.105590343475342,AGNN_DIST_SAMPLE,0.0001
agnn,2,262144,16,2.467637777328491,AGNN_DIST,
agnn,2,262144,16,2.776477336883545,AGNN_DIST_SAMPLE,0.001
agnn,2,262144,16,3.4949820041656494,AGNN_DIST_SAMPLE,0.01
agnn,2,262144,16,5.287973403930664,AGNN_DIST_SAMPLE,
agnn,2,524288,128,0.99603533744812,AGNN_DIST,0.0001
agnn,2,524288,128,1.7216417789459229,AGNN_DIST,0.001
agnn,2,524288,128,4.926928043365479,AGNN_DIST_SAMPLE,0.0001
agnn,2,524288,128,7.199785470962524,AGNN_DIST_SAMPLE,0.001
agnn,2,524288,16,1.0412352085113523,AGNN_DIST,0.001
agnn,2,524288,16,4.690101385116577,AGNN_DIST,0.0001
agnn,2,524288,16,5.948599576950073,AGNN_DIST_SAMPLE,0.0001
agnn,2,524288,16,7.983259201049805,AGNN_DIST_SAMPLE,0.001
agnn,256,1048576,128,3.776,AGNN_THIS_WORK,0.0001
agnn,256,1048576,128,3.827,AGNN_THIS_WORK,0.0001
agnn,256,1048576,128,47.773,AGNN_THIS_WORK,0.01
agnn,256,1048576,128,8.654,AGNN_THIS_WORK,0.001
agnn,256,1048576,16,0.261,AGNN_THIS_WORK,0.0001
agnn,256,1048576,16,0.265,AGNN_THIS_WORK,0.0001
agnn,256,1048576,16,0.436,AGNN_THIS_WORK,0.001
agnn,256,1048576,16,0.949,AGNN_THIS_WORK,0.01
agnn,256,131072,128,0.389,AGNN_THIS_WORK,0.0001
agnn,256,131072,128,0.442,AGNN_THIS_WORK,0.001
agnn,256,131072,128,0.844,AGNN_THIS_WORK,0.01
agnn,256,131072,128,0.866,AGNN_THIS_WORK,0.01
agnn,256,131072,128,0.87,AGNN_AGNN_THIS_WORK,
agnn,256,131072,16,0.054,AGNN_THIS_WORK,0.001
agnn,256,131072,16,0.058,AGNN_THIS_WORK,0.0001
agnn,256,131072,16,0.058,AGNN_THIS_WORK,0.01
agnn,256,131072,16,0.069,AGNN_THIS_WORK,0.01
agnn,256,2097152,128,39.312,AGNN_THIS_WORK,0.001
agnn,256,2097152,128,9.49,AGNN_THIS_WORK,0.0001
agnn,256,2097152,128,9.954,AGNN_THIS_WORK,0.0001
agnn,256,2097152,16,0.646,AGNN_THIS_WORK,0.0001
agnn,256,2097152,16,0.655,AGNN_THIS_WORK,0.0001
agnn,256,2097152,16,1.059,AGNN_THIS_WORK,0.001
agnn,256,2097152,16,3.183,AGNN_THIS_WORK,0.01
agnn,256,262144,128,0.898,AGNN_THIS_WORK,0.0001
agnn,256,262144,128,1.063,AGNN_THIS_WORK,0.001
agnn,256,262144,128,2.238,AGNN_THIS_WORK,0.01
agnn,256,262144,128,2.286,AGNN_THIS_WORK,0.01
agnn,256,262144,16,0.081,AGNN_THIS_WORK,0.0001
agnn,256,262144,16,0.086,AGNN_THIS_WORK,0.001
agnn,256,262144,16,0.148,AGNN_THIS_WORK,0.01
agnn,256,262144,16,0.153,AGNN_THIS_WORK,0.01
agnn,256,524288,128,1.408,AGNN_THIS_WORK,0.0001
agnn,256,524288,128,2.568,AGNN_THIS_WORK,0.001
agnn,256,524288,128,8.093,AGNN_THIS_WORK,0.01
agnn,256,524288,16,0.139,AGNN_THIS_WORK,0.0001
agnn,256,524288,16,0.175,AGNN_THIS_WORK,0.001
agnn,256,524288,16,0.318,AGNN_THIS_WORK,0.01
agnn,32,1048576,16,1.3968894481658936,AGNN_DIST,
agnn,32,1048576,16,2.534642219543457,AGNN_DIST_SAMPLE,
agnn,32,131072,128,0.343461275100708,AGNN_AGNN_DIST,
agnn,32,131072,128,0.6031208038330078,AGNN_AGNN_DIST_SAMPLE,
agnn,32,131072,16,0.181145429611206,AGNN_DIST,
agnn,32,131072,16,0.5349056720733643,AGNN_DIST_SAMPLE,
agnn,32,2097152,16,5.762055158615112,AGNN_DIST,
agnn,32,2097152,16,7.083981990814209,AGNN_DIST_SAMPLE,
agnn,32,262144,16,0.3546376228332519,AGNN_DIST,
agnn,32,262144,16,0.9275798797607422,AGNN_DIST_SAMPLE,
agnn,4,1048576,128,126.496,AGNN_THIS_WORK,0.0001
agnn,4,1048576,128,127.675,AGNN_THIS_WORK,0.0001
agnn,4,1048576,16,12.88017439842224,AGNN_DIST,
agnn,4,1048576,16,15.46555757522583,AGNN_DIST_SAMPLE,
agnn,4,1048576,16,15.928,AGNN_THIS_WORK,0.001
agnn,4,1048576,16,3.775,AGNN_THIS_WORK,0.0001
agnn,4,1048576,16,3.871,AGNN_THIS_WORK,0.0001
agnn,4,131072,128,0.1857638359069824,AGNN_DIST,0.0001
agnn,4,131072,128,0.2919342517852783,AGNN_DIST,0.001
agnn,4,131072,128,0.3257226943969726,AGNN_DIST,0.01
agnn,4,131072,128,0.3507506847381592,AGNN_DIST_SAMPLE,0.0001
agnn,4,131072,128,0.3560290336608886,AGNN_AGNN_DIST,
agnn,4,131072,128,0.5153515338897705,AGNN_DIST_SAMPLE,0.001
agnn,4,131072,128,0.6431961059570312,AGNN_DIST_SAMPLE,0.01
agnn,4,131072,128,0.8754594326019287,AGNN_AGNN_DIST_SAMPLE,
agnn,4,131072,128,2.959,AGNN_THIS_WORK,0.0001
agnn,4,131072,128,58.897,AGNN_THIS_WORK,0.01
agnn,4,131072,128,60.065,AGNN_AGNN_THIS_WORK,
agnn,4,131072,128,60.268,AGNN_THIS_WORK,0.01
agnn,4,131072,128,8.101,AGNN_THIS_WORK,0.001
agnn,4,131072,16,0.182,AGNN_THIS_WORK,0.0001
agnn,4,131072,16,0.1888637542724609,AGNN_DIST,0.0001
agnn,4,131072,16,0.1893868446350097,AGNN_DIST,0.001
agnn,4,131072,16,0.1898853778839111,AGNN_DIST,0.01
agnn,4,131072,16,0.2508504390716553,AGNN_DIST,
agnn,4,131072,16,0.332,AGNN_THIS_WORK,0.001
agnn,4,131072,16,0.4393436908721924,AGNN_DIST_SAMPLE,0.0001
agnn,4,131072,16,0.5313825607299805,AGNN_DIST_SAMPLE,0.001
agnn,4,131072,16,0.6576576232910156,AGNN_DIST_SAMPLE,0.01
agnn,4,131072,16,0.903080940246582,AGNN_DIST_SAMPLE,
agnn,4,131072,16,0.975,AGNN_THIS_WORK,0.01
agnn,4,131072,16,1.006,AGNN_THIS_WORK,0.01
agnn,4,2097152,128,566.783,AGNN_THIS_WORK,0.0001
agnn,4,2097152,16,11.957,AGNN_THIS_WORK,0.0001
agnn,4,2097152,16,11.972,AGNN_THIS_WORK,0.0001
agnn,4,2097152,16,42.720967531204224,AGNN_DIST,
agnn,4,2097152,16,50.410990715026855,AGNN_DIST_SAMPLE,
agnn,4,262144,128,0.3786985874176025,AGNN_DIST,0.0001
agnn,4,262144,128,0.4420273303985595,AGNN_DIST,0.001
agnn,4,262144,128,0.6310272216796875,AGNN_DIST,0.01
agnn,4,262144,128,0.8488843441009521,AGNN_DIST_SAMPLE,0.0001
agnn,4,262144,128,1.3273167610168457,AGNN_DIST_SAMPLE,0.001
agnn,4,262144,128,1.565680980682373,AGNN_DIST_SAMPLE,0.01
agnn,4,262144,128,333.078,AGNN_THIS_WORK,0.01
agnn,4,262144,128,45.207,AGNN_THIS_WORK,0.001
agnn,4,262144,128,8.186,AGNN_THIS_WORK,0.0001
agnn,4,262144,16,0.444,AGNN_THIS_WORK,0.0001
agnn,4,262144,16,0.449155330657959,AGNN_DIST,0.0001
agnn,4,262144,16,0.53360915184021,AGNN_DIST,0.01
agnn,4,262144,16,0.5391192436218262,AGNN_DIST,0.001
agnn,4,262144,16,0.96,AGNN_THIS_WORK,0.001
agnn,4,262144,16,1.0536866188049316,AGNN_DIST_SAMPLE,0.0001
agnn,4,262144,16,1.375826358795166,AGNN_DIST_SAMPLE,0.001
agnn,4,262144,16,1.5953280925750732,AGNN_DIST,
agnn,4,262144,16,1.7131471633911133,AGNN_DIST_SAMPLE,0.01
agnn,4,262144,16,2.8219947814941406,AGNN_DIST_SAMPLE,
agnn,4,262144,16,3.628,AGNN_THIS_WORK,0.01
agnn,4,262144,16,3.633,AGNN_THIS_WORK,0.01
agnn,4,524288,128,1.5500035285949707,AGNN_DIST,0.001
agnn,4,524288,128,1.6664507389068604,AGNN_DIST,0.0001
agnn,4,524288,128,2.410374402999878,AGNN_DIST_SAMPLE,0.0001
agnn,4,524288,128,25.624,AGNN_THIS_WORK,0.0001
agnn,4,524288,128,3.411900043487549,AGNN_DIST_SAMPLE,0.001
agnn,4,524288,16,1.095,AGNN_THIS_WORK,0.0001
agnn,4,524288,16,2.021005868911743,AGNN_DIST,0.001
agnn,4,524288,16,3.384,AGNN_THIS_WORK,0.001
agnn,4,524288,16,3.9075541496276855,AGNN_DIST_SAMPLE,0.001
agnn,64,1048576,128,43.299,AGNN_THIS_WORK,0.001
agnn,64,1048576,128,8.987,AGNN_THIS_WORK,0.0001
agnn,64,1048576,128,9.272,AGNN_THIS_WORK,0.0001
agnn,64,1048576,16,0.597,AGNN_THIS_WORK,0.0001
agnn,64,1048576,16,0.709,AGNN_THIS_WORK,0.0001
agnn,64,1048576,16,1.064,AGNN_THIS_WORK,0.001
agnn,64,1048576,16,3.309,AGNN_THIS_WORK,0.01
agnn,64,131072,128,0.799,AGNN_THIS_WORK,0.0001
agnn,64,131072,128,0.984,AGNN_THIS_WORK,0.001
agnn,64,131072,128,2.168,AGNN_THIS_WORK,0.01
agnn,64,131072,128,2.229,AGNN_AGNN_THIS_WORK,
agnn,64,131072,128,2.248,AGNN_THIS_WORK,0.01
agnn,64,131072,16,0.057,AGNN_THIS_WORK,0.0001
agnn,64,131072,16,0.096,AGNN_THIS_WORK,0.001
agnn,64,131072,16,0.135,AGNN_THIS_WORK,0.01
agnn,64,131072,16,0.139,AGNN_THIS_WORK,0.01
agnn,64,2097152,128,28.872,AGNN_THIS_WORK,0.0001
agnn,64,2097152,128,29.689,AGNN_THIS_WORK,0.0001
agnn,64,2097152,16,1.16,AGNN_THIS_WORK,0.0001
agnn,64,2097152,16,1.216,AGNN_THIS_WORK,0.0001
agnn,64,2097152,16,3.15,AGNN_THIS_WORK,0.001
agnn,64,262144,128,1.15,AGNN_THIS_WORK,0.0001
agnn,64,262144,128,2.48,AGNN_THIS_WORK,0.001
agnn,64,262144,128,8.417,AGNN_THIS_WORK,0.01
agnn,64,262144,128,8.426,AGNN_THIS_WORK,0.01
agnn,64,262144,16,0.116,AGNN_THIS_WORK,0.0001
agnn,64,262144,16,0.15,AGNN_THIS_WORK,0.001
agnn,64,262144,16,0.314,AGNN_THIS_WORK,0.01
agnn,64,262144,16,0.332,AGNN_THIS_WORK,0.01
agnn,64,524288,128,3.457,AGNN_THIS_WORK,0.0001
agnn,64,524288,128,51.551,AGNN_THIS_WORK,0.01
agnn,64,524288,128,8.291,AGNN_THIS_WORK,0.001
agnn,64,524288,16,0.282,AGNN_THIS_WORK,0.0001
agnn,64,524288,16,0.372,AGNN_THIS_WORK,0.001
agnn,64,524288,16,0.935,AGNN_THIS_WORK,0.01
agnn,8,1048576,16,6.042851209640503,AGNN_DIST,
agnn,8,1048576,16,7.713801145553589,AGNN_DIST_SAMPLE,
agnn,8,131072,128,0.1104917526245117,AGNN_DIST,0.0001
agnn,8,131072,128,0.1197321414947509,AGNN_DIST,0.001
agnn,8,131072,128,0.1251802444458007,AGNN_DIST,0.01
agnn,8,131072,128,0.1935868263244629,AGNN_AGNN_DIST,
agnn,8,131072,128,0.243873119354248,AGNN_DIST_SAMPLE,0.0001
agnn,8,131072,128,0.3039844036102295,AGNN_DIST_SAMPLE,0.001
agnn,8,131072,128,0.418729305267334,AGNN_DIST_SAMPLE,0.01
agnn,8,131072,128,0.5039918422698975,AGNN_AGNN_DIST_SAMPLE,
agnn,8,131072,16,0.0755054950714111,AGNN_DIST,0.001
agnn,8,131072,16,0.1145017147064209,AGNN_DIST,0.01
agnn,8,131072,16,0.1770758628845214,AGNN_DIST,
agnn,8,131072,16,0.2972395420074463,AGNN_DIST_SAMPLE,0.001
agnn,8,131072,16,0.402994155883789,AGNN_DIST_SAMPLE,0.01
agnn,8,131072,16,0.5699341297149658,AGNN_DIST_SAMPLE,
agnn,8,2097152,16,20.652493238449097,AGNN_DIST,
agnn,8,2097152,16,23.72135353088379,AGNN_DIST_SAMPLE,
agnn,8,262144,128,0.2216386795043945,AGNN_DIST,0.0001
agnn,8,262144,128,0.3298540115356445,AGNN_DIST,0.001
agnn,8,262144,128,0.4073381423950195,AGNN_DIST,0.01
agnn,8,262144,128,0.5296478271484375,AGNN_DIST_SAMPLE,0.0001
agnn,8,262144,128,0.7629883289337158,AGNN_DIST_SAMPLE,0.001
agnn,8,262144,128,0.9178929328918456,AGNN_DIST_SAMPLE,0.01
agnn,8,262144,16,0.6310508251190186,AGNN_DIST,
agnn,8,262144,16,1.51568341255188,AGNN_DIST_SAMPLE,
agnn,8,524288,128,0.8357508182525635,AGNN_DIST,0.0001
agnn,8,524288,128,0.9488050937652588,AGNN_DIST,0.001
agnn,8,524288,128,1.3473551273345947,AGNN_DIST_SAMPLE,0.0001
agnn,8,524288,128,1.8387775421142576,AGNN_DIST_SAMPLE,0.001
gat,1,1048576,128,45.154,GAT_THIS_WORK,0.0001
gat,1,1048576,128,45.2,GAT_THIS_WORK,0.0001
gat,1,1048576,16,13.502,GAT_THIS_WORK,0.0001
gat,1,1048576,16,13.652,GAT_THIS_WORK,0.0001
gat,1,1048576,16,3.8231050968170166,GAT_NORM,
gat,1,1048576,16,66.95854783058167,GAT_DIST_SAMPLE,
gat,1,1048576,16,7.663567066192627,GAT_DIST,
gat,1,131072,128,1.268730640411377,GAT_DIST,0.0001
gat,1,131072,128,1.6441445350646973,GAT_DIST,0.001
gat,1,131072,128,1.6468873023986816,GAT_DIST_SAMPLE,0.0001
gat,1,131072,128,1.8880589008331297,GAT_DIST,0.01
gat,1,131072,128,19.098,GAT_GAT_THIS_WORK,
gat,1,131072,128,19.103,GAT_THIS_WORK,0.01
gat,1,131072,128,19.116,GAT_THIS_WORK,0.01
gat,1,131072,128,2.1774587631225586,GAT_DIST_SAMPLE,0.001
gat,1,131072,128,2.3,GAT_THIS_WORK,0.0001
gat,1,131072,128,2.303,GAT_THIS_WORK,0.0001
gat,1,131072,128,2.414989709854126,GAT_GAT_DIST,
gat,1,131072,128,2.4693610668182373,GAT_DIST_SAMPLE,0.01
gat,1,131072,128,3.61916708946228,GAT_GAT_DIST_SAMPLE,
gat,1,131072,128,4.682,GAT_THIS_WORK,0.001
gat,1,131072,128,4.689,GAT_THIS_WORK,0.001
gat,1,131072,16,0.2907049655914306,GAT_DIST,0.0001
gat,1,131072,16,0.2952308654785156,GAT_NORM,
gat,1,131072,16,0.297,GAT_THIS_WORK,0.0001
gat,1,131072,16,0.299,GAT_THIS_WORK,0.0001
gat,1,131072,16,0.3425838947296142,GAT_DIST,0.001
gat,1,131072,16,0.428199291229248,GAT_DIST,
gat,1,131072,16,1.265,GAT_THIS_WORK,0.001
gat,1,131072,16,1.2695446014404297,GAT_DIST_SAMPLE,0.0001
gat,1,131072,16,1.293,GAT_THIS_WORK,0.001
gat,1,131072,16,2.041424036026001,GAT_DIST_SAMPLE,0.001
gat,1,131072,16,3.411506175994873,GAT_DIST_SAMPLE,
gat,1,131072,16,8.016,GAT_THIS_WORK,0.01
gat,1,131072,16,8.045,GAT_THIS_WORK,0.01
gat,1,131072,16,8.053,GAT_THIS_WORK,0.01
gat,1,2097152,128,151.494,GAT_THIS_WORK,0.0001
gat,1,2097152,16,216.20161485672,GAT_DIST_SAMPLE,
gat,1,2097152,16,23.254249572753903,GAT_DIST,
gat,1,2097152,16,52.809,GAT_THIS_WORK,0.0001
gat,1,262144,128,16.382,GAT_THIS_WORK,0.001
gat,1,262144,128,3.517848014831543,GAT_DIST,0.0001
gat,1,262144,128,4.350182056427002,GAT_DIST_SAMPLE,0.0001
gat,1,262144,128,4.569085597991943,GAT_DIST,0.001
gat,1,262144,128,5.362,GAT_THIS_WORK,0.0001
gat,1,262144,128,5.395637035369873,GAT_DIST,0.01
gat,1,262144,128,5.888314962387085,GAT_DIST_SAMPLE,0.001
gat,1,262144,128,7.324580907821655,GAT_DIST_SAMPLE,0.01
gat,1,262144,16,0.817,GAT_THIS_WORK,0.0001
gat,1,262144,16,1.225435733795166,GAT_DIST,
gat,1,262144,16,10.440826892852783,GAT_DIST_SAMPLE,
gat,1,262144,16,5.461,GAT_THIS_WORK,0.001
gat,1,524288,128,11.273427724838257,GAT_DIST_SAMPLE,0.0001
gat,1,524288,128,12.921324491500854,GAT_DIST,0.001
gat,1,524288,128,14.827,GAT_THIS_WORK,0.0001
gat,1,524288,128,16.936429977416992,GAT_DIST_SAMPLE,0.001
gat,1,524288,128,9.92596173286438,GAT_DIST,0.0001
gat,1,524288,16,22.633,GAT_THIS_WORK,0.001
gat,1,524288,16,3.622,GAT_THIS_WORK,0.0001
gat,16,1048576,128,17.21,GAT_THIS_WORK,0.001
gat,16,1048576,128,6.808,GAT_THIS_WORK,0.0001
gat,16,1048576,128,6.812,GAT_THIS_WORK,0.0001
gat,16,1048576,16,1.004,GAT_THIS_WORK,0.0001
gat,16,1048576,16,1.014,GAT_THIS_WORK,0.0001
gat,16,1048576,16,3.372950553894043,GAT_DIST,
gat,16,1048576,16,4.100652933120728,GAT_DIST_SAMPLE,
gat,16,1048576,16,5.444,GAT_THIS_WORK,0.001
gat,16,131072,128,0.1673285961151123,GAT_DIST,0.0001
gat,16,131072,128,0.2212252616882324,GAT_DIST,0.001
gat,16,131072,128,0.2379052639007568,GAT_DIST,0.01
gat,16,131072,128,0.2804360389709472,GAT_DIST_SAMPLE,0.0001
gat,16,131072,128,0.4068357944488525,GAT_GAT_DIST,
gat,16,131072,128,0.4145412445068359,GAT_DIST_SAMPLE,0.001
gat,16,131072,128,0.4879443645477295,GAT_DIST_SAMPLE,0.01
gat,16,131072,128,0.574,GAT_THIS_WORK,0.0001
gat,16,131072,128,0.682,GAT_THIS_WORK,0.001
gat,16,131072,128,0.7141697406768799,GAT_GAT_DIST_SAMPLE,
gat,16,131072,128,1.133,GAT_GAT_THIS_WORK,
gat,16,131072,128,1.136,GAT_THIS_WORK,0.01
gat,16,131072,128,1.212,GAT_THIS_WORK,0.01
gat,16,131072,16,0.103,GAT_THIS_WORK,0.0001
gat,16,131072,16,0.136,GAT_THIS_WORK,0.001
gat,16,131072,16,0.2152793407440185,GAT_DIST,
gat,16,131072,16,0.409,GAT_THIS_WORK,0.01
gat,16,131072,16,0.6002459526062012,GAT_DIST_SAMPLE,
gat,16,2097152,128,17.398,GAT_THIS_WORK,0.0001
gat,16,2097152,128,17.518,GAT_THIS_WORK,0.0001
gat,16,2097152,16,11.518293857574465,GAT_DIST,
gat,16,2097152,16,12.91869854927063,GAT_DIST_SAMPLE,
gat,16,2097152,16,21.393,GAT_THIS_WORK,0.001
gat,16,2097152,16,4.036,GAT_THIS_WORK,0.0001
gat,16,2097152,16,4.037,GAT_THIS_WORK,0.0001
gat,16,262144,128,0.307314395904541,GAT_DIST,0.0001
gat,16,262144,128,0.4514834880828857,GAT_DIST,0.001
gat,16,262144,128,0.5109801292419434,GAT_DIST_SAMPLE,0.0001
gat,16,262144,128,0.5422298908233643,GAT_DIST,0.01
gat,16,262144,128,0.7522289752960205,GAT_DIST_SAMPLE,0.001
gat,16,262144,128,0.9410879611968994,GAT_DIST_SAMPLE,0.01
gat,16,262144,128,1.531,GAT_THIS_WORK,0.0001
gat,16,262144,128,1.95,GAT_THIS_WORK,0.001
gat,16,262144,128,4.733,GAT_THIS_WORK,0.01
gat,16,262144,128,4.756,GAT_THIS_WORK,0.01
gat,16,262144,16,0.193,GAT_THIS_WORK,0.0001
gat,16,262144,16,0.365,GAT_THIS_WORK,0.001
gat,16,262144,16,0.4115698337554931,GAT_DIST,
gat,16,262144,16,1.078711986541748,GAT_DIST_SAMPLE,
gat,16,262144,16,1.717,GAT_THIS_WORK,0.01
gat,16,262144,16,1.806,GAT_THIS_WORK,0.01
gat,16,524288,128,0.8344874382019043,GAT_DIST,0.0001
gat,16,524288,128,1.0331761837005615,GAT_DIST,0.001
gat,16,524288,128,1.2248883247375488,GAT_DIST_SAMPLE,0.0001
gat,16,524288,128,1.6462459564208984,GAT_DIST_SAMPLE,0.001
gat,16,524288,128,17.572,GAT_THIS_WORK,0.01
gat,16,524288,128,17.627,GAT_THIS_WORK,0.01
gat,16,524288,128,2.977,GAT_THIS_WORK,0.0001
gat,16,524288,128,3.021,GAT_THIS_WORK,0.0001
gat,16,524288,128,5.277,GAT_THIS_WORK,0.001
gat,16,524288,128,5.291,GAT_THIS_WORK,0.001
gat,16,524288,16,0.394,GAT_THIS_WORK,0.0001
gat,16,524288,16,0.402,GAT_THIS_WORK,0.0001
gat,16,524288,16,1.349,GAT_THIS_WORK,0.001
gat,16,524288,16,1.358,GAT_THIS_WORK,0.001
gat,16,524288,16,7.208,GAT_THIS_WORK,0.01
gat,16,524288,16,7.222,GAT_THIS_WORK,0.01
gat,2,1048576,16,24.57945466041565,GAT_DIST,
gat,2,1048576,16,31.660234689712524,GAT_DIST_SAMPLE,
gat,2,131072,128,0.6752679347991943,GAT_DIST,0.0001
gat,2,131072,128,0.8604655265808105,GAT_DIST,0.001
gat,2,131072,128,0.8951916694641113,GAT_DIST_SAMPLE,0.0001
gat,2,131072,128,0.9831864833831788,GAT_DIST,0.01
gat,2,131072,128,1.155390977859497,GAT_DIST_SAMPLE,0.001
gat,2,131072,128,1.2401857376098633,GAT_GAT_DIST,
gat,2,131072,128,1.345430612564087,GAT_DIST_SAMPLE,0.01
gat,2,131072,128,1.831625699996948,GAT_GAT_DIST_SAMPLE,
gat,2,131072,16,0.344144344329834,GAT_DIST,0.001
gat,2,131072,16,0.3775691986083984,GAT_DIST,
gat,2,131072,16,0.386765718460083,GAT_DIST,0.01
gat,2,131072,16,0.5676872730255127,GAT_DIST,0.0001
gat,2,131072,16,0.8592114448547363,GAT_DIST_SAMPLE,0.0001
gat,2,131072,16,1.012298345565796,GAT_DIST_SAMPLE,0.001
gat,2,131072,16,1.222947359085083,GAT_DIST_SAMPLE,0.01
gat,2,131072,16,1.632054090499878,GAT_DIST_SAMPLE,
gat,2,2097152,16,108.273903131485,GAT_DIST_SAMPLE,
gat,2,2097152,16,84.61757564544678,GAT_DIST,
gat,2,262144,128,1.824922561645508,GAT_DIST,0.0001
gat,2,262144,128,2.277863025665283,GAT_DIST_SAMPLE,0.0001
gat,2,262144,128,2.3470258712768555,GAT_DIST,0.001
gat,2,262144,128,2.7826056480407715,GAT_DIST,0.01
gat,2,262144,128,2.974632024765014,GAT_DIST_SAMPLE,0.001
gat,2,262144,128,3.455185413360596,GAT_DIST_SAMPLE,0.01
gat,2,262144,16,1.0713376998901367,GAT_DIST,0.0001
gat,2,262144,16,1.108419418334961,GAT_DIST,0.001
gat,2,262144,16,1.9824965000152588,GAT_DIST,
gat,2,262144,16,2.1297383308410645,GAT_DIST_SAMPLE,0.0001
gat,2,262144,16,2.806581735610962,GAT_DIST_SAMPLE,0.001
gat,2,262144,16,5.125658750534058,GAT_DIST_SAMPLE,
gat,2,524288,128,5.184359550476074,GAT_DIST,0.0001
gat,2,524288,128,6.087036848068237,GAT_DIST_SAMPLE,0.0001
gat,2,524288,128,6.5616984367370605,GAT_DIST,0.001
gat,2,524288,128,8.214942932128906,GAT_DIST_SAMPLE,0.001
gat,256,1048576,128,1.697,GAT_THIS_WORK,0.0001
gat,256,1048576,128,1.779,GAT_THIS_WORK,0.0001
gat,256,1048576,128,2.118,GAT_THIS_WORK,0.001
gat,256,1048576,128,4.583,GAT_THIS_WORK,0.01
gat,256,1048576,16,0.258,GAT_THIS_WORK,0.0001
gat,256,1048576,16,0.286,GAT_THIS_WORK,0.0001
gat,256,1048576,16,0.407,GAT_THIS_WORK,0.001
gat,256,1048576,16,1.636,GAT_THIS_WORK,0.01
gat,256,131072,128,0.227,GAT_THIS_WORK,0.01
gat,256,131072,128,0.243,GAT_THIS_WORK,0.001
gat,256,131072,128,0.249,GAT_GAT_THIS_WORK,
gat,256,131072,128,0.265,GAT_THIS_WORK,0.01
gat,256,131072,16,0.062,GAT_THIS_WORK,0.01
gat,256,131072,16,0.064,GAT_THIS_WORK,0.01
gat,256,2097152,128,15.779,GAT_THIS_WORK,0.01
gat,256,2097152,128,3.42,GAT_THIS_WORK,0.0001
gat,256,2097152,128,3.463,GAT_THIS_WORK,0.0001
gat,256,2097152,128,5.46,GAT_THIS_WORK,0.001
gat,256,2097152,16,0.474,GAT_THIS_WORK,0.0001
gat,256,2097152,16,0.525,GAT_THIS_WORK,0.0001
gat,256,2097152,16,1.332,GAT_THIS_WORK,0.001
gat,256,2097152,16,6.156,GAT_THIS_WORK,0.01
gat,256,262144,128,0.484,GAT_THIS_WORK,0.01
gat,256,262144,16,0.114,GAT_THIS_WORK,0.01
gat,32,1048576,16,1.7348856925964355,GAT_DIST,
gat,32,1048576,16,2.6405625343322754,GAT_DIST_SAMPLE,
gat,32,131072,128,0.5329818725585938,GAT_GAT_DIST,
gat,32,131072,128,0.8470370769500732,GAT_GAT_DIST_SAMPLE,
gat,32,131072,16,0.2108616828918457,GAT_DIST,
gat,32,131072,16,0.5495097637176514,GAT_DIST_SAMPLE,
gat,32,2097152,16,5.99417519569397,GAT_DIST,
gat,32,2097152,16,7.411305904388428,GAT_DIST_SAMPLE,
gat,32,262144,16,0.4040586948394775,GAT_DIST,
gat,32,262144,16,1.006725788116455,GAT_DIST_SAMPLE,
gat,4,1048576,128,17.1,GAT_THIS_WORK,0.0001
gat,4,1048576,16,11.486980676651,GAT_DIST,
gat,4,1048576,16,15.126588821411133,GAT_DIST_SAMPLE,
gat,4,1048576,16,4.044,GAT_THIS_WORK,0.0001
gat,4,131072,128,0.3532335758209228,GAT_DIST,0.0001
gat,4,131072,128,0.4661149978637695,GAT_DIST,0.001
gat,4,131072,128,0.5510742664337158,GAT_DIST_SAMPLE,0.0001
gat,4,131072,128,0.5625622272491455,GAT_DIST,0.01
gat,4,131072,128,0.7089836597442627,GAT_DIST_SAMPLE,0.001
gat,4,131072,128,0.723360538482666,GAT_GAT_DIST,
gat,4,131072,128,0.8701531887054443,GAT_DIST_SAMPLE,0.01
gat,4,131072,128,1.1590557098388672,GAT_GAT_DIST_SAMPLE,
gat,4,131072,128,4.798,GAT_THIS_WORK,0.01
gat,4,131072,128,4.805,GAT_GAT_THIS_WORK,
gat,4,131072,16,0.2381312847137451,GAT_DIST,0.001
gat,4,131072,16,0.2601327896118164,GAT_DIST,0.01
gat,4,131072,16,0.311253547668457,GAT_DIST,0.0001
gat,4,131072,16,0.3344311714172363,GAT_DIST,
gat,4,131072,16,0.5297887325286865,GAT_DIST_SAMPLE,0.0001
gat,4,131072,16,0.5860610008239746,GAT_DIST_SAMPLE,0.001
gat,4,131072,16,0.6713862419128418,GAT_DIST_SAMPLE,0.01
gat,4,131072,16,0.937391996383667,GAT_DIST_SAMPLE,
gat,4,131072,16,1.786,GAT_THIS_WORK,0.01
gat,4,2097152,128,48.406,GAT_THIS_WORK,0.0001
gat,4,2097152,16,13.871,GAT_THIS_WORK,0.0001
gat,4,2097152,16,41.61839580535889,GAT_DIST,
gat,4,2097152,16,50.46276807785034,GAT_DIST_SAMPLE,
gat,4,262144,128,0.9984335899353028,GAT_DIST,0.0001
gat,4,262144,128,1.218114137649536,GAT_DIST,0.001
gat,4,262144,128,1.277571678161621,GAT_DIST_SAMPLE,0.0001
gat,4,262144,128,1.6274356842041016,GAT_DIST,0.01
gat,4,262144,128,1.66506028175354,GAT_DIST_SAMPLE,0.001
gat,4,262144,128,18.593,GAT_THIS_WORK,0.01
gat,4,262144,128,18.615,GAT_THIS_WORK,0.01
gat,4,262144,128,2.128018617630005,GAT_DIST_SAMPLE,0.01
gat,4,262144,128,2.823,GAT_THIS_WORK,0.0001
gat,4,262144,128,5.166,GAT_THIS_WORK,0.001
gat,4,262144,16,0.375,GAT_THIS_WORK,0.0001
gat,4,262144,16,0.6724674701690674,GAT_DIST,0.0001
gat,4,262144,16,0.6891460418701172,GAT_DIST,0.001
gat,4,262144,16,0.6896538734436035,GAT_DIST,0.01
gat,4,262144,16,1.1261754035949707,GAT_DIST_SAMPLE,0.0001
gat,4,262144,16,1.36,GAT_THIS_WORK,0.001
gat,4,262144,16,1.416956663131714,GAT_DIST_SAMPLE,0.001
gat,4,262144,16,1.5794384479522705,GAT_DIST,
gat,4,262144,16,1.7169437408447266,GAT_DIST_SAMPLE,0.01
gat,4,262144,16,3.0439608097076416,GAT_DIST_SAMPLE,
gat,4,262144,16,7.627,GAT_THIS_WORK,0.01
gat,4,262144,16,7.681,GAT_THIS_WORK,0.01
gat,4,524288,128,2.8419852256774902,GAT_DIST,0.0001
gat,4,524288,128,3.356008052825928,GAT_DIST_SAMPLE,0.0001
gat,4,524288,128,3.68646502494812,GAT_DIST,0.001
gat,4,524288,128,4.406772136688232,GAT_DIST_SAMPLE,0.001
gat,64,1048576,128,16.89,GAT_THIS_WORK,0.01
gat,64,1048576,128,3.202,GAT_THIS_WORK,0.0001
gat,64,1048576,128,3.319,GAT_THIS_WORK,0.0001
gat,64,1048576,128,5.345,GAT_THIS_WORK,0.001
gat,64,1048576,16,0.449,GAT_THIS_WORK,0.0001
gat,64,1048576,16,0.457,GAT_THIS_WORK,0.0001
gat,64,1048576,16,1.423,GAT_THIS_WORK,0.001
gat,64,1048576,16,6.769,GAT_THIS_WORK,0.01
gat,64,131072,128,0.487,GAT_THIS_WORK,0.01
gat,64,131072,128,0.503,GAT_GAT_THIS_WORK,
gat,64,131072,16,0.115,GAT_THIS_WORK,0.01
gat,64,2097152,128,7.072,GAT_THIS_WORK,0.0001
gat,64,2097152,16,1.117,GAT_THIS_WORK,0.0001
gat,64,262144,128,1.246,GAT_THIS_WORK,0.01
gat,64,262144,16,0.422,GAT_THIS_WORK,0.01
gat,8,1048576,16,6.2204673290252686,GAT_DIST,
gat,8,1048576,16,7.542783975601196,GAT_DIST_SAMPLE,
gat,8,131072,128,0.2217082977294922,GAT_DIST,0.0001
gat,8,131072,128,0.2754621505737304,GAT_DIST,0.001
gat,8,131072,128,0.338834285736084,GAT_DIST_SAMPLE,0.0001
gat,8,131072,128,0.345128059387207,GAT_DIST,0.01
gat,8,131072,128,0.4082896709442138,GAT_GAT_DIST,
gat,8,131072,128,0.4709048271179199,GAT_DIST_SAMPLE,0.001
gat,8,131072,128,0.5962352752685547,GAT_DIST_SAMPLE,0.01
gat,8,131072,128,0.810056209564209,GAT_GAT_DIST_SAMPLE,
gat,8,131072,16,0.2238101959228515,GAT_DIST,
gat,8,131072,16,0.613147497177124,GAT_DIST_SAMPLE,
gat,8,2097152,16,21.886102199554443,GAT_DIST,
gat,8,2097152,16,24.76089453697205,GAT_DIST_SAMPLE,
gat,8,262144,128,0.5153591632843018,GAT_DIST,0.0001
gat,8,262144,128,0.6855294704437256,GAT_DIST,0.001
gat,8,262144,128,0.8117527961730957,GAT_DIST_SAMPLE,0.0001
gat,8,262144,128,0.8377161026000977,GAT_DIST,0.01
gat,8,262144,128,1.061534404754639,GAT_DIST_SAMPLE,0.001
gat,8,262144,128,1.2760226726531982,GAT_DIST_SAMPLE,0.01
gat,8,262144,16,0.789607048034668,GAT_DIST,
gat,8,262144,16,1.5584044456481934,GAT_DIST_SAMPLE,
gat,8,524288,128,1.501708984375,GAT_DIST,0.0001
gat,8,524288,128,1.876161336898804,GAT_DIST_SAMPLE,0.0001
gat,8,524288,128,1.883685827255249,GAT_DIST,0.001
gat,8,524288,128,2.476480722427368,GAT_DIST_SAMPLE,0.001
va,1,1048576,128,330.156,VA_THIS_WORK,0.0001
va,1,1048576,16,0.3113536834716797,VA_NORM,
va,1,1048576,16,1.6263604164123535,VA_DIST,
va,1,1048576,16,25.457,VA_THIS_WORK,0.0001
va,1,1048576,16,66.56755757331848,VA_DIST_SAMPLE,
va,1,131072,128,0.04386568069458,VA_VA_NORM,
va,1,131072,128,0.1236498355865478,VA_DIST,0.0001
va,1,131072,128,0.1602237224578857,VA_DIST,0.001
va,1,131072,128,0.1864931583404541,VA_DIST,0.01
va,1,131072,128,0.236717939376831,VA_VA_DIST,
va,1,131072,128,1.066634178161621,VA_DIST_SAMPLE,0.0001
va,1,131072,128,1.6206061840057373,VA_DIST_SAMPLE,0.001
va,1,131072,128,10.104,VA_THIS_WORK,0.0001
va,1,131072,128,2.1763992309570312,VA_DIST_SAMPLE,0.01
va,1,131072,128,3.035097360610962,VA_VA_DIST_SAMPLE,
va,1,131072,128,434.908,VA_THIS_WORK,0.01
va,1,131072,128,484.994,VA_THIS_WORK,0.01
va,1,131072,128,63.822,VA_THIS_WORK,0.001
va,1,131072,16,0.0466084480285644,VA_NORM,
va,1,131072,16,0.0774867534637451,VA_DIST,0.0001
va,1,131072,16,0.08384370803833,VA_DIST,0.001
va,1,131072,16,0.0890090465545654,VA_DIST,0.01
va,1,131072,16,0.1046211719512939,VA_DIST,
va,1,131072,16,1.4927589893341064,VA_DIST_SAMPLE,0.0001
va,1,131072,16,2.075286865234375,VA_DIST_SAMPLE,0.001
va,1,131072,16,2.603031635284424,VA_DIST_SAMPLE,0.01
va,1,131072,16,20.254,VA_THIS_WORK,0.01
va,1,131072,16,23.915,VA_THIS_WORK,0.01
va,1,131072,16,3.1902434825897217,VA_DIST_SAMPLE,
va,1,131072,16,3.242,VA_THIS_WORK,0.0001
va,1,131072,16,5.435,VA_THIS_WORK,0.001
va,1,2097152,16,214.83620977401733,VA_DIST_SAMPLE,
va,1,2097152,16,5.474554777145386,VA_DIST,
va,1,2097152,16,90.597,VA_THIS_WORK,0.0001
va,1,262144,128,0.3362977504730224,VA_DIST,0.0001
va,1,262144,128,0.4411964416503906,VA_DIST,0.001
va,1,262144,128,0.5219066143035889,VA_DIST,0.01
va,1,262144,128,3.391486406326294,VA_DIST_SAMPLE,0.0001
va,1,262144,128,5.035903215408325,VA_DIST_SAMPLE,0.001
va,1,262144,128,6.713669538497925,VA_DIST_SAMPLE,0.01
va,1,262144,16,0.1716425418853759,VA_DIST,0.0001
va,1,262144,16,0.1925804615020752,VA_DIST,0.001
va,1,262144,16,0.2231857776641845,VA_DIST,0.01
va,1,262144,16,0.285754919052124,VA_DIST,
va,1,262144,16,10.637407779693604,VA_DIST_SAMPLE,
va,1,262144,16,4.249510049819946,VA_DIST_SAMPLE,0.0001
va,1,262144,16,5.98913836479187,VA_DIST_SAMPLE,0.001
va,1,262144,16,7.188542366027832,VA_DIST_SAMPLE,0.01
va,1,524288,128,0.947282075881958,VA_DIST,0.0001
va,1,524288,128,1.2342870235443115,VA_DIST,0.001
va,1,524288,128,10.225034713745115,VA_DIST_SAMPLE,0.0001
va,1,524288,128,15.533804416656494,VA_DIST_SAMPLE,0.001
va,1,524288,16,0.3865766525268554,VA_DIST,0.0001
va,1,524288,16,0.4926478862762451,VA_DIST,0.001
va,1,524288,16,11.855828046798706,VA_DIST_SAMPLE,0.0001
va,1,524288,16,17.029305696487427,VA_DIST_SAMPLE,0.001
va,16,1048576,128,31.605,VA_THIS_WORK,0.0001
va,16,1048576,16,2.226,VA_THIS_WORK,0.0001
va,16,1048576,16,3.199792623519897,VA_DIST,
va,16,1048576,16,3.9383158683776855,VA_DIST_SAMPLE,
va,16,131072,128,0.086672306060791,VA_DIST,0.0001
va,16,131072,128,0.0918097496032714,VA_DIST,0.001
va,16,131072,128,0.0964293479919433,VA_DIST,0.01
va,16,131072,128,0.17445969581604,VA_VA_DIST,
va,16,131072,128,0.2270231246948242,VA_DIST_SAMPLE,0.0001
va,16,131072,128,0.2705309391021728,VA_DIST_SAMPLE,0.001
va,16,131072,128,0.3277359008789062,VA_DIST_SAMPLE,0.01
va,16,131072,128,0.5337586402893066,VA_VA_DIST_SAMPLE,
va,16,131072,128,11.994,VA_THIS_WORK,0.01
va,16,131072,128,12.171,VA_VA_THIS_WORK,
va,16,131072,16,0.0817823410034179,VA_DIST,0.001
va,16,131072,16,0.0882501602172851,VA_DIST,0.0001
va,16,131072,16,0.0927793979644775,VA_DIST,0.01
va,16,131072,16,0.1781117916107177,VA_DIST,
va,16,131072,16,0.2288994789123535,VA_DIST_SAMPLE,0.0001
va,16,131072,16,0.2763869762420654,VA_DIST_SAMPLE,0.001
va,16,131072,16,0.3417437076568603,VA_DIST_SAMPLE,0.01
va,16,131072,16,0.5401263236999512,VA_DIST_SAMPLE,
va,16,131072,16,0.983,VA_THIS_WORK,0.01
va,16,2097152,128,101.411,VA_THIS_WORK,0.0001
va,16,2097152,16,11.470170497894289,VA_DIST,
va,16,2097152,16,13.064435720443726,VA_DIST_SAMPLE,
va,16,2097152,16,7.845,VA_THIS_WORK,0.0001
va,16,262144,128,0.1441051959991455,VA_DIST,0.0001
va,16,262144,128,0.1778137683868408,VA_DIST,0.001
va,16,262144,128,0.2316370010375976,VA_DIST,0.01
va,16,262144,128,0.3314712047576904,VA_DIST_SAMPLE,0.0001
va,16,262144,128,0.5155889987945557,VA_DIST_SAMPLE,0.001
va,16,262144,128,0.6345491409301758,VA_DIST_SAMPLE,0.01
va,16,262144,128,82.508,VA_THIS_WORK,0.01
va,16,262144,16,0.1013996601104736,VA_DIST,0.0001
va,16,262144,16,0.1544811725616455,VA_DIST,0.001
va,16,262144,16,0.187436819076538,VA_DIST,0.01
va,16,262144,16,0.2979400157928467,VA_DIST,
va,16,262144,16,0.3567378520965576,VA_DIST_SAMPLE,0.0001
va,16,262144,16,0.4814372062683105,VA_DIST_SAMPLE,0.001
va,16,262144,16,0.6262960433959961,VA_DIST_SAMPLE,0.01
va,16,262144,16,0.9752805233001708,VA_DIST_SAMPLE,
va,16,262144,16,4.497,VA_THIS_WORK,0.01
va,16,524288,128,0.480825662612915,VA_DIST,0.0001
va,16,524288,128,0.5977997779846191,VA_DIST,0.001
va,16,524288,128,0.8310418128967285,VA_DIST_SAMPLE,0.0001
va,16,524288,128,1.1957900524139404,VA_DIST_SAMPLE,0.001
va,16,524288,128,11.903,VA_THIS_WORK,0.0001
va,16,524288,128,421.829,VA_THIS_WORK,0.01
va,16,524288,128,60.852,VA_THIS_WORK,0.001
va,16,524288,16,0.5259168148040771,VA_DIST,0.001
va,16,524288,16,1.1861844062805176,VA_DIST_SAMPLE,0.001
va,16,524288,16,1.888,VA_THIS_WORK,0.0001
va,16,524288,16,21.345,VA_THIS_WORK,0.01
va,16,524288,16,4.904,VA_THIS_WORK,0.001
va,2,1048576,16,12.133127927780151,VA_DIST,
va,2,1048576,16,30.561361074447632,VA_DIST_SAMPLE,
va,2,131072,128,0.1543259620666504,VA_DIST,0.001
va,2,131072,128,0.211132526397705,VA_DIST,0.01
va,2,131072,128,0.3135123252868652,VA_VA_DIST,
va,2,131072,128,0.3417856693267822,VA_DIST,0.0001
va,2,131072,128,0.6266601085662842,VA_DIST_SAMPLE,0.0001
va,2,131072,128,0.8001382350921631,VA_DIST_SAMPLE,0.001
va,2,131072,128,1.059046745300293,VA_DIST_SAMPLE,0.01
va,2,131072,128,1.4542090892791748,VA_VA_DIST_SAMPLE,
va,2,131072,16,0.3413293361663818,VA_DIST,
va,2,131072,16,0.3958585262298584,VA_DIST,0.01
va,2,131072,16,0.4244518280029297,VA_DIST,0.001
va,2,131072,16,0.540848970413208,VA_DIST,0.0001
va,2,131072,16,0.8956906795501709,VA_DIST_SAMPLE,0.0001
va,2,131072,16,1.0610387325286863,VA_DIST_SAMPLE,0.001
va,2,131072,16,1.2191195487976074,VA_DIST_SAMPLE,0.01
va,2,131072,16,1.5862858295440674,VA_DIST_SAMPLE,
va,2,2097152,16,105.1894121170044,VA_DIST_SAMPLE,
va,2,2097152,16,68.70750093460083,VA_DIST,
va,2,262144,128,0.4471693038940429,VA_DIST,0.001
va,2,262144,128,0.6916499137878418,VA_DIST,0.01
va,2,262144,128,0.7303154468536377,VA_DIST,0.0001
va,2,262144,128,1.705571174621582,VA_DIST_SAMPLE,0.0001
va,2,262144,128,2.5670175552368164,VA_DIST_SAMPLE,0.001
va,2,262144,128,2.995675563812256,VA_DIST_SAMPLE,0.01
va,2,262144,16,0.3948361873626709,VA_DIST,0.01
va,2,262144,16,0.859147310256958,VA_DIST,0.0001
va,2,262144,16,0.9410138130187988,VA_DIST,0.001
va,2,262144,16,1.26070237159729,VA_DIST,
va,2,262144,16,2.0153419971466064,VA_DIST_SAMPLE,0.0001
va,2,262144,16,2.8215997219085693,VA_DIST_SAMPLE,0.001
va,2,262144,16,3.432018280029297,VA_DIST_SAMPLE,0.01
va,2,262144,16,5.083670377731323,VA_DIST_SAMPLE,
va,2,524288,128,1.791449785232544,VA_DIST,0.001
va,2,524288,128,2.015303134918213,VA_DIST,0.0001
va,2,524288,128,5.261688470840454,VA_DIST_SAMPLE,0.0001
va,2,524288,128,7.232377767562866,VA_DIST_SAMPLE,0.001
va,2,524288,16,2.6377999782562256,VA_DIST,0.001
va,2,524288,16,2.649831295013428,VA_DIST,0.0001
va,2,524288,16,5.509414911270142,VA_DIST_SAMPLE,0.0001
va,2,524288,16,8.025808334350586,VA_DIST_SAMPLE,0.001
va,256,1048576,128,3.772,VA_THIS_WORK,0.0001
va,256,1048576,16,0.3,VA_THIS_WORK,0.0001
va,256,131072,128,0.936,VA_VA_THIS_WORK,
va,256,131072,128,0.98,VA_THIS_WORK,0.01
va,256,131072,16,0.072,VA_THIS_WORK,0.01
va,256,2097152,128,11.42,VA_THIS_WORK,0.0001
va,256,2097152,128,13.105,VA_THIS_WORK,0.0001
va,256,2097152,128,352.508,VA_THIS_WORK,0.01
va,256,2097152,128,56.866,VA_THIS_WORK,0.001
va,256,2097152,16,0.984,VA_THIS_WORK,0.0001
va,256,2097152,16,19.311,VA_THIS_WORK,0.01
va,256,2097152,16,5.101,VA_THIS_WORK,0.0001
va,256,2097152,16,6.345,VA_THIS_WORK,0.001
va,256,262144,128,2.72,VA_THIS_WORK,0.01
va,256,262144,16,0.258,VA_THIS_WORK,0.01
va,32,1048576,16,1.6761460304260254,VA_DIST,
va,32,1048576,16,2.644292116165161,VA_DIST_SAMPLE,
va,32,131072,128,0.3726224899291992,VA_VA_DIST,
va,32,131072,128,0.6988639831542969,VA_VA_DIST_SAMPLE,
va,32,131072,16,0.164417028427124,VA_DIST,
va,32,131072,16,0.4835257530212402,VA_DIST_SAMPLE,
va,32,2097152,16,5.950999975204468,VA_DIST,
va,32,2097152,16,7.225114822387695,VA_DIST_SAMPLE,
va,32,262144,16,0.371086835861206,VA_DIST,
va,32,262144,16,0.9450562000274658,VA_DIST_SAMPLE,
va,4,1048576,128,99.513,VA_THIS_WORK,0.0001
va,4,1048576,16,12.70412302017212,VA_DIST,
va,4,1048576,16,15.405323505401611,VA_DIST_SAMPLE,
va,4,1048576,16,7.939,VA_THIS_WORK,0.0001
va,4,131072,128,0.1361875534057617,VA_DIST,0.0001
va,4,131072,128,0.2298035621643066,VA_DIST,0.001
va,4,131072,128,0.2542805671691894,VA_DIST,0.01
va,4,131072,128,0.3880865573883056,VA_DIST_SAMPLE,0.0001
va,4,131072,128,0.4980688095092773,VA_VA_DIST,
va,4,131072,128,0.5333282947540283,VA_DIST_SAMPLE,0.001
va,4,131072,128,0.5991201400756836,VA_DIST_SAMPLE,0.01
va,4,131072,128,0.8993873596191406,VA_VA_DIST_SAMPLE,
va,4,131072,128,85.627,VA_VA_THIS_WORK,
va,4,131072,128,85.81,VA_THIS_WORK,0.01
va,4,131072,16,0.1094071865081787,VA_DIST,0.001
va,4,131072,16,0.1450304985046386,VA_DIST,0.0001
va,4,131072,16,0.1675655841827392,VA_DIST,0.01
va,4,131072,16,0.2221195697784423,VA_DIST,
va,4,131072,16,0.4050717353820801,VA_DIST_SAMPLE,0.0001
va,4,131072,16,0.5351414680480957,VA_DIST_SAMPLE,0.001
va,4,131072,16,0.6048738956451416,VA_DIST_SAMPLE,0.01
va,4,131072,16,0.953876256942749,VA_DIST_SAMPLE,
va,4,131072,16,4.659,VA_THIS_WORK,0.01
va,4,2097152,128,334.326,VA_THIS_WORK,0.0001
va,4,2097152,16,25.266,VA_THIS_WORK,0.0001
va,4,2097152,16,40.80825853347778,VA_DIST,
va,4,2097152,16,50.04428172111511,VA_DIST_SAMPLE,
va,4,262144,128,0.5025992393493652,VA_DIST,0.001
va,4,262144,128,0.5155701637268066,VA_DIST,0.0001
va,4,262144,128,0.694434404373169,VA_DIST,0.01
va,4,262144,128,0.9074079990386964,VA_DIST_SAMPLE,0.0001
va,4,262144,128,1.265714406967163,VA_DIST_SAMPLE,0.001
va,4,262144,128,1.5653314590454102,VA_DIST_SAMPLE,0.01
va,4,262144,128,10.892,VA_THIS_WORK,0.0001
va,4,262144,128,407.378,VA_THIS_WORK,0.01
va,4,262144,128,456.396,VA_THIS_WORK,0.01
va,4,262144,128,64.222,VA_THIS_WORK,0.001
va,4,262144,16,0.4904127120971679,VA_DIST,0.0001
va,4,262144,16,0.682563066482544,VA_DIST,0.01
va,4,262144,16,0.7673697471618652,VA_DIST,0.001
va,4,262144,16,1.0168685913085938,VA_DIST_SAMPLE,0.0001
va,4,262144,16,1.4264023303985596,VA_DIST_SAMPLE,0.001
va,4,262144,16,1.4387829303741455,VA_DIST,
va,4,262144,16,1.7363405227661133,VA_DIST_SAMPLE,0.01
va,4,262144,16,19.324,VA_THIS_WORK,0.01
va,4,262144,16,2.49,VA_THIS_WORK,0.0001
va,4,262144,16,2.9219181537628174,VA_DIST_SAMPLE,
va,4,262144,16,22.262,VA_THIS_WORK,0.01
va,4,262144,16,4.851,VA_THIS_WORK,0.001
va,4,524288,128,1.931835412979126,VA_DIST,0.0001
va,4,524288,128,2.469175100326538,VA_DIST,0.001
va,4,524288,128,2.7434568405151367,VA_DIST_SAMPLE,0.0001
va,4,524288,128,3.576387405395508,VA_DIST_SAMPLE,0.001
va,4,524288,16,1.8803200721740725,VA_DIST,0.001
va,4,524288,16,2.3819618225097656,VA_DIST,0.0001
va,4,524288,16,2.9819302558898926,VA_DIST_SAMPLE,0.0001
va,4,524288,16,3.978005886077881,VA_DIST_SAMPLE,0.001
va,64,1048576,128,10.998,VA_THIS_WORK,0.0001
va,64,1048576,128,11.425,VA_THIS_WORK,0.0001
va,64,1048576,128,389.569,VA_THIS_WORK,0.01
va,64,1048576,128,61.09,VA_THIS_WORK,0.001
va,64,1048576,16,0.853,VA_THIS_WORK,0.0001
va,64,1048576,16,21.16,VA_THIS_WORK,0.01
va,64,1048576,16,3.394,VA_THIS_WORK,0.0001
va,64,1048576,16,5.611,VA_THIS_WORK,0.001
va,64,131072,128,2.596,VA_VA_THIS_WORK,
va,64,131072,128,2.613,VA_THIS_WORK,0.01
va,64,131072,16,0.272,VA_THIS_WORK,0.01
va,64,2097152,128,32.451,VA_THIS_WORK,0.0001
va,64,2097152,16,2.283,VA_THIS_WORK,0.0001
va,64,262144,128,11.833,VA_THIS_WORK,0.01
va,64,262144,16,1.041,VA_THIS_WORK,0.01
va,8,1048576,16,6.206281423568726,VA_DIST,
va,8,1048576,16,7.96212887763977,VA_DIST_SAMPLE,
va,8,131072,128,0.087198257446289,VA_DIST,0.0001
va,8,131072,128,0.1045711040496826,VA_DIST,0.001
va,8,131072,128,0.1424281597137451,VA_DIST,0.01
va,8,131072,128,0.2200427055358886,VA_DIST_SAMPLE,0.0001
va,8,131072,128,0.2242453098297119,VA_VA_DIST,
va,8,131072,128,0.3037042617797851,VA_DIST_SAMPLE,0.001
va,8,131072,128,0.3774385452270508,VA_DIST_SAMPLE,0.01
va,8,131072,128,0.5188877582550049,VA_VA_DIST_SAMPLE,
va,8,131072,16,0.074625015258789,VA_DIST,0.001
va,8,131072,16,0.1194865703582763,VA_DIST,0.01
va,8,131072,16,0.1417984962463379,VA_DIST,
va,8,131072,16,0.2989978790283203,VA_DIST_SAMPLE,0.001
va,8,131072,16,0.4190688133239746,VA_DIST_SAMPLE,0.01
va,8,131072,16,0.5264325141906738,VA_DIST_SAMPLE,
va,8,2097152,16,20.573429346084595,VA_DIST,
va,8,2097152,16,24.31579732894897,VA_DIST_SAMPLE,
va,8,262144,128,0.3021502494812011,VA_DIST,0.01
va,8,262144,128,0.326136827468872,VA_DIST,0.0001
va,8,262144,128,0.3802070617675781,VA_DIST,0.001
va,8,262144,128,0.507896900177002,VA_DIST_SAMPLE,0.0001
va,8,262144,128,0.7451188564300537,VA_DIST_SAMPLE,0.001
va,8,262144,128,0.910137176513672,VA_DIST_SAMPLE,0.01
va,8,262144,16,0.7726576328277588,VA_DIST,
va,8,262144,16,1.7439947128295898,VA_DIST_SAMPLE,
va,8,524288,128,0.9911181926727296,VA_DIST,0.0001
va,8,524288,128,1.086690902709961,VA_DIST,0.001
va,8,524288,128,1.4662349224090576,VA_DIST_SAMPLE,0.0001
va,8,524288,128,1.9156506061553955,VA_DIST_SAMPLE,0.001
