VA_f_0,cupy,131072,1717987,16,random,0.000520453555509448,6.152097290782918e-06,0.0005188295617699623,0.0005235536955296993
VA_f_0,cupy_shfl,131072,1717987,16,random,0.0006160070188343525,4.641422798557047e-06,0.0006143231876194477,0.0006179101765155792
VA_f_0,dace_normal,131072,1717987,16,random,0.0007034095469862223,2.1114530125308446e-05,0.0006969659589231014,0.0007120056543499231
VA_f_0,dace_strided,131072,1717987,16,random,0.00047021452337503433,1.825195927983153e-05,0.0004654768854379654,0.0004802537150681019
GAT_f_1,cupy,131072,1717987,16,random,0.00027072057127952576,6.002671794104109e-06,0.00026982882991433144,0.0002760917413979769
GAT_f_1,dace_normal,131072,1717987,16,random,0.00021424703299999237,1.7868244773055234e-05,0.0002129250206053257,0.0002172968816012144
GAT_f_1,dace_strided,131072,1717987,16,random,0.00030099647119641304,1.3835128537361855e-05,0.00029655639082193375,0.0003076368011534214
GAT_f_2,cupy,131072,1717987,16,random,0.00020180456340312958,5.113077273147525e-06,0.0002010180614888668,0.00020470889285206795
GAT_f_2,dace_normal,131072,1717987,16,random,0.00015972135588526726,1.5991769198901452e-05,0.00015697837807238102,0.0001646855380386114
GAT_f_2,dace_strided,131072,1717987,16,random,0.0002361084334552288,1.6699179312351965e-05,0.00023130723275244236,0.00024015503004193306
GAT_b_0,cupy,131072,1717987,16,random,0.0005868715234100819,5.412650539738295e-06,0.0005859252996742725,0.0005892436020076275
GAT_b_0,cupy_shfl,131072,1717987,16,random,0.0007545929402112961,5.665484623905605e-06,0.0007532760500907898,0.0007585873827338219
GAT_b_0,dace_normal,131072,1717987,16,random,0.0006625677924603224,2.2305830178214575e-05,0.0006491281092166901,0.0006673040043096989
GAT_b_0,dace_strided,131072,1717987,16,random,0.000572574557736516,1.543822214178569e-05,0.0005695746629498899,0.0005780481733381748
GAT_b_1,cupy,131072,1717987,16,random,0.0003665259573608637,5.674535677161318e-06,0.00036584465997293594,0.0003699343651533127
GAT_b_1,dace_normal,131072,1717987,16,random,0.00034106126986443996,1.5436410863027634e-05,0.0003371681086719036,0.00034619332291185856
GAT_b_1,dace_strided,131072,1717987,16,random,0.00040528993122279644,1.7361837771929942e-05,0.0004042629152536392,0.0004223841242492199
AGNN_f_0,cupy,131072,1717987,16,random,0.0004646724555641413,6.208267703631631e-06,0.00046363193541765213,0.00046754074865020814
AGNN_f_0,cupy_shfl,131072,1717987,16,random,0.000832738121971488,1.3221042026622817e-05,0.000821222085505724,0.0008437228389084339
AGNN_f_0,dace_normal,131072,1717987,16,random,0.000812056940048933,2.1020620246012606e-05,0.0008093956857919693,0.0008235746063292027
AGNN_f_0,dace_strided,131072,1717987,16,random,0.0005085512530058622,1.7958003252275687e-05,0.0005057081580162048,0.0005269690882414579
AGNN_b_0,cupy,131072,1717987,16,random,0.0008477633818984032,1.3151217140171581e-05,0.0008457358926534653,0.0008592554950155318
AGNN_b_0,cupy_shfl,131072,1717987,16,random,0.001490198541432619,4.402022634757593e-06,0.0014898069202899933,0.0014931484300177544
AGNN_b_0,dace_normal,131072,1717987,16,random,0.0015668065752834082,1.781920436944652e-05,0.0015565573703497648,0.0015681940130889416
AGNN_b_0,dace_strided,131072,1717987,16,random,0.0008764455560594797,1.6322463084632612e-05,0.0008749498520046473,0.0008849687874317169
VA_f_0,cupy,131072,1717987,128,random,0.005026152357459068,7.597889832871334e-06,0.005017824936658144,0.00503286998718977
VA_f_0,cupy_shfl,131072,1717987,128,random,0.0013248934410512447,5.109377162541372e-06,0.0013231749180704355,0.0013269130140542984
VA_f_0,dace_normal,131072,1717987,128,random,0.012493663467466831,3.32759661166668e-05,0.012455767951905727,0.012512372806668282
VA_f_0,dace_strided,131072,1717987,128,random,0.0036213931161910295,2.1719070193295136e-05,0.003615624736994505,0.0036483320873230696
GAT_f_1,cupy,131072,1717987,128,random,0.00026096170768141747,4.663169927911525e-06,0.0002599353902041912,0.0002632974646985531
GAT_f_1,dace_normal,131072,1717987,128,random,0.00020457850769162178,1.795725411786641e-05,0.0002022173721343279,0.00020937295630574226
GAT_f_1,dace_strided,131072,1717987,128,random,0.0002963293809443712,1.5519420224822077e-05,0.0002932259812951088,0.00029987655580043793
GAT_f_2,cupy,131072,1717987,128,random,0.00020070094615221024,8.617262385740348e-06,0.00019963900558650494,0.00020335568115115166
GAT_f_2,dace_normal,131072,1717987,128,random,0.00015898165293037891,1.6894871724258192e-05,0.00015741749666631222,0.00016372278332710266
GAT_f_2,dace_strided,131072,1717987,128,random,0.00023277988657355309,1.5833585247060835e-05,0.00022967610275372862,0.00023844395764172077
GAT_b_0,cupy,131072,1717987,128,random,0.005074843997135758,1.3850058292615477e-05,0.005071878898888826,0.0050797234289348125
GAT_b_0,cupy_shfl,131072,1717987,128,random,0.0013964702375233173,5.803399621357698e-06,0.0013943954836577177,0.001404689159244299
GAT_b_0,dace_normal,131072,1717987,128,random,0.01209214050322771,8.234581467486137e-05,0.012083625886589289,0.012171760201454163
GAT_b_0,dace_strided,131072,1717987,128,random,0.0032363866921514273,1.6332412747757507e-05,0.003232932649552822,0.003245584899559617
GAT_b_1,cupy,131072,1717987,128,random,0.00035273260436952114,6.734612970152872e-06,0.0003513174597173929,0.00035625905729830265
GAT_b_1,dace_normal,131072,1717987,128,random,0.0003387595061212778,1.5479692126524193e-05,0.00033653201535344124,0.00035066111013293266
GAT_b_1,dace_strided,131072,1717987,128,random,0.0004080655053257942,1.98449642842706e-05,0.00040258700028061867,0.0004123968072235584
AGNN_f_0,cupy,131072,1717987,128,random,0.0038481454830616713,6.4075560452677335e-06,0.0038459599018096924,0.0038508114987052975
AGNN_f_0,cupy_shfl,131072,1717987,128,random,0.0014381089713424444,6.258838351865948e-06,0.0014365450479090214,0.0014405022375285625
AGNN_f_0,dace_normal,131072,1717987,128,random,0.01374424947425723,9.510322103227697e-05,0.013654120499268174,0.01382471201941371
AGNN_f_0,dace_strided,131072,1717987,128,random,0.0037947038654237986,1.4768261198525472e-05,0.0037915571592748165,0.0038033499789889903
AGNN_b_0,cupy,131072,1717987,128,random,0.007190577685832977,1.770043719102207e-05,0.007188172545284033,0.007199466228485107
AGNN_b_0,cupy_shfl,131072,1717987,128,random,0.002789262915030122,1.263278069364425e-05,0.0027863048017024994,0.0027938547951634972
AGNN_b_0,dace_normal,131072,1717987,128,random,0.024913750123232603,0.0007273075590228955,0.024429928045719862,0.025623693829402328
AGNN_b_0,dace_strided,131072,1717987,128,random,0.0075215904507786036,1.575975216669837e-05,0.0075181592255830765,0.0075317618902772665
VA_f_0,cupy,131072,17179869,16,random,0.005752958822995424,8.367946157512328e-06,0.005744957830756903,0.005757348804036155
VA_f_0,cupy_shfl,131072,17179869,16,random,0.003946327604353428,4.634149604253482e-06,0.003944975323975086,0.003950940910726786
VA_f_0,dace_normal,131072,17179869,16,random,0.004344852874055505,1.6199858218689242e-05,0.004343812819570303,0.004357409896329045
VA_f_0,dace_strided,131072,17179869,16,random,0.0028312646318227053,1.7472370862166248e-05,0.002825916511937976,0.0028348960913717747
GAT_f_1,cupy,131072,17179869,16,random,0.001529822824522853,1.0294217165450043e-05,0.0015251550357788801,0.0015363162383437157
GAT_f_1,dace_normal,131072,17179869,16,random,0.0010616215877234936,1.6723236115105067e-05,0.0010576932691037655,0.0010702600702643394
GAT_f_1,dace_strided,131072,17179869,16,random,0.0015478068962693214,1.6544533241409565e-05,0.0015431006904691458,0.0015586607623845339
GAT_f_2,cupy,131072,17179869,16,random,0.0003284055273979902,6.287076222442784e-06,0.0003276797942817211,0.00032989494502544403
GAT_f_2,dace_normal,131072,17179869,16,random,0.0007641199044883251,1.5441104697943857e-05,0.000760386697947979,0.0007693711668252945
GAT_f_2,dace_strided,131072,17179869,16,random,0.00035035633482038975,1.6840302216793754e-05,0.000349281873786822,0.00035822996869683266
GAT_b_0,cupy,131072,17179869,16,random,0.006497303256765008,1.0186230437074094e-05,0.006493566790595651,0.0065107811242341995
GAT_b_0,cupy_shfl,131072,17179869,16,random,0.0051241684705019,3.160383643004823e-05,0.005122635047882795,0.005130806937813759
GAT_b_0,dace_normal,131072,17179869,16,random,0.00515145156532526,1.5929063678779487e-05,0.005148985655978322,0.0051558317500166595
GAT_b_0,dace_strided,131072,17179869,16,random,0.0041242679581046104,1.899063137127722e-05,0.00411695953225717,0.004134740214794874
GAT_b_1,cupy,131072,17179869,16,random,0.002349515911191702,7.843087731140086e-06,0.002340173115953803,0.0023554095532745123
GAT_b_1,dace_normal,131072,17179869,16,random,0.0018840301781892776,1.775255620651541e-05,0.0018770797178149223,0.0018934777472168207
GAT_b_1,dace_strided,131072,17179869,16,random,0.0023942224215716124,1.885916703109813e-05,0.0023802779614925385,0.002405329141765833
AGNN_f_0,cupy,131072,17179869,16,random,0.0029278304427862167,7.316310321726636e-06,0.002925555920228362,0.0029309969395399094
AGNN_f_0,cupy_shfl,131072,17179869,16,random,0.005799745908007026,4.651321831748451e-06,0.005799183156341314,0.00580406142398715
AGNN_f_0,dace_normal,131072,17179869,16,random,0.005210662959143519,2.1845159461809966e-05,0.005199703853577375,0.005217276979237795
AGNN_f_0,dace_strided,131072,17179869,16,random,0.003081478411331773,1.7058836559393947e-05,0.0030790669843554497,0.003089724574238062
AGNN_b_0,cupy,131072,17179869,16,random,0.006173349916934967,8.658514852785582e-06,0.00616786815226078,0.006176184734795242
AGNN_b_0,cupy_shfl,131072,17179869,16,random,0.010674501769244671,2.154590861403181e-05,0.010656445287168026,0.010700610256753862
AGNN_b_0,dace_normal,131072,17179869,16,random,0.009714057901874185,2.455642522842409e-05,0.009700574912130833,0.009718984551727771
AGNN_b_0,dace_strided,131072,17179869,16,random,0.009186348412185907,1.8957101394704778e-05,0.009179507847875357,0.009194767568260431
VA_f_0,cupy,131072,17179869,128,random,0.34153307089582086,0.0004447295627166734,0.34126791916787624,0.3419591449201107
VA_f_0,cupy_shfl,131072,17179869,128,random,0.010934599675238132,9.34013752006032e-06,0.010927226394414902,0.010938358958810568
VA_f_0,dace_normal,131072,17179869,128,random,0.041727690026164055,0.00020133100678604925,0.04162499960511923,0.0418418173212558
VA_f_0,dace_strided,131072,17179869,128,random,0.10754092643037438,0.00011929600289425465,0.10743106063455343,0.10761154443025589
GAT_f_1,cupy,131072,17179869,128,random,0.0014084079302847385,1.0037476144823233e-05,0.001400219276547432,0.0014153651194646953
GAT_f_1,dace_normal,131072,17179869,128,random,0.0009905295446515083,1.5494431496530534e-05,0.0009866191539913416,0.0009996769949793816
GAT_f_1,dace_strided,131072,17179869,128,random,0.0014391390141099691,1.538713236564559e-05,0.0014293487183749676,0.0014433042902965098
GAT_f_2,cupy,131072,17179869,128,random,0.00032118032686412334,6.4726489824127e-06,0.0003196357283741236,0.0003232262097299099
GAT_f_2,dace_normal,131072,17179869,128,random,0.0007182371336966753,1.5501863913166874e-05,0.0007176217623054981,0.0007229670882225037
GAT_f_2,dace_strided,131072,17179869,128,random,0.00035202549770474434,1.5936913705273356e-05,0.00035037286579608917,0.00035437452606856823
GAT_b_0,cupy,131072,17179869,128,random,0.33697088342159986,0.00030950193070055217,0.3367102141492069,0.33717211639741435
GAT_b_0,cupy_shfl,131072,17179869,128,random,0.011364933103322983,4.157491782629948e-06,0.011362916324287653,0.0113690837752074
GAT_b_0,dace_normal,131072,17179869,128,random,0.04192991019226611,0.0005727290737206488,0.041361415293067694,0.042374561075121164
GAT_b_0,dace_strided,131072,17179869,128,random,0.045515596866607666,2.429602506856474e-05,0.04548898535431363,0.04552675038576126
GAT_b_1,cupy,131072,17179869,128,random,0.002140105003491044,9.920718839846746e-06,0.002138884272426367,0.002148072002455592
GAT_b_1,dace_normal,131072,17179869,128,random,0.0017389049753546715,1.725927774453295e-05,0.001734467688947916,0.0017519134562462568
GAT_b_1,dace_strided,131072,17179869,128,random,0.0023875015322118998,1.4906515921528817e-05,0.002375212963670492,0.002395178657025099
AGNN_f_0,cupy,131072,17179869,128,random,0.10590218869037926,7.789718783439324e-05,0.10582477902062237,0.10594825190491974
AGNN_f_0,cupy_shfl,131072,17179869,128,random,0.011663990560919046,5.718469401859021e-06,0.011657997965812683,0.011668693274259567
AGNN_f_0,dace_normal,131072,17179869,128,random,0.0445811168756336,0.00039533668757062797,0.0444764378014952,0.045075545785948634
AGNN_f_0,dace_strided,131072,17179869,128,random,0.12220619851723313,5.30024157202195e-05,0.12219125078991055,0.12222775619593448
AGNN_b_0,cupy,131072,17179869,128,random,0.10189765528775752,4.5020901391983e-05,0.10186218423768878,0.10190539620816708
AGNN_b_0,cupy_shfl,131072,17179869,128,random,0.023849519435316324,1.2798882082421775e-05,0.023843970149755478,0.023864808818325402
AGNN_b_0,dace_normal,131072,17179869,128,random,0.07747977296821773,0.0017308932816178819,0.07620076602324843,0.07826634729281068
AGNN_b_0,dace_strided,131072,17179869,128,random,0.1808965289965272,0.00012817801278537525,0.1807506219483912,0.18094830005429685
VA_f_0,cupy,262144,6871948,16,random,0.001915503991767764,1.089024753910104e-05,0.0019132420420646667,0.0019197291694581509
VA_f_0,cupy_shfl,262144,6871948,16,random,0.0018293543253093958,5.269430243153852e-06,0.0018279198557138443,0.0018326528370380402
VA_f_0,dace_normal,262144,6871948,16,random,0.0021486517507582903,1.6331585987672685e-05,0.0021441858261823654,0.0021563484333455563
VA_f_0,dace_strided,262144,6871948,16,random,0.0014770494308322668,1.5802951680995086e-05,0.0014703166671097279,0.0014832043088972569
GAT_f_1,cupy,262144,6871948,16,random,0.0005310219712555408,7.935591420101565e-06,0.0005287874955683947,0.000537727028131485
GAT_f_1,dace_normal,262144,6871948,16,random,0.00040491530671715736,1.6247649489521412e-05,0.00040146708488464355,0.0004177209921181202
GAT_f_1,dace_strided,262144,6871948,16,random,0.0005941709969192743,1.4481150968530472e-05,0.0005887199658900499,0.0005990039499010891
GAT_f_2,cupy,262144,6871948,16,random,0.00026787049137055874,1.0255335111001622e-05,0.0002670180983841419,0.0002717152237892151
GAT_f_2,dace_normal,262144,6871948,16,random,0.0002809299621731043,1.698620805868518e-05,0.00027835345827043056,0.00028626294806599617
GAT_f_2,dace_strided,262144,6871948,16,random,0.00030070124194025993,1.6086172616044056e-05,0.0002958844415843487,0.0003047867212444544
GAT_b_0,cupy,262144,6871948,16,random,0.0022913238499313593,9.563234455205895e-06,0.0022906819358468056,0.002298586070537567
GAT_b_0,cupy_shfl,262144,6871948,16,random,0.0022934209555387497,5.437139846951732e-06,0.002292597433552146,0.002297528088092804
GAT_b_0,dace_normal,262144,6871948,16,random,0.0020702469628304243,1.9297590367182537e-05,0.002066300716251135,0.0020905165001749992
GAT_b_0,dace_strided,262144,6871948,16,random,0.0014987247996032238,1.6890730116855188e-05,0.0014961413107812405,0.0015073767863214016
GAT_b_1,cupy,262144,6871948,16,random,0.0008380995132029057,7.839768394341252e-06,0.0008353919256478548,0.0008430774323642254
GAT_b_1,dace_normal,262144,6871948,16,random,0.000750731909647584,1.4876510517511933e-05,0.0007470329292118549,0.0007589252199977636
GAT_b_1,dace_strided,262144,6871948,16,random,0.0008846228010952473,1.7761449716465908e-05,0.0008822781965136528,0.000895373523235321
AGNN_f_0,cupy,262144,6871948,16,random,0.0016677235253155231,6.612350068975648e-06,0.0016668811440467834,0.001675295876339078
AGNN_f_0,cupy_shfl,262144,6871948,16,random,0.0026123924180865288,4.642854753954566e-06,0.0026103518903255463,0.002614320255815983
AGNN_f_0,dace_normal,262144,6871948,16,random,0.002741073025390506,2.006691280034318e-05,0.0027369260787963867,0.0027488158084452152
AGNN_f_0,dace_strided,262144,6871948,16,random,0.001723659923300147,1.677870798657927e-05,0.00171969598159194,0.0017284159548580647
AGNN_b_0,cupy,262144,6871948,16,random,0.0034537105821073055,9.739229854718461e-06,0.0034462246112525463,0.0034613339230418205
AGNN_b_0,cupy_shfl,262144,6871948,16,random,0.004988882225006819,4.149542409782161e-06,0.0049857948906719685,0.004991433117538691
AGNN_b_0,dace_normal,262144,6871948,16,random,0.0057013919577002525,1.7050691173320967e-05,0.0056953816674649715,0.005706943105906248
AGNN_b_0,dace_strided,262144,6871948,16,random,0.004166914150118828,2.0815982388332927e-05,0.004165075020864606,0.004176449496299028
VA_f_0,cupy,262144,6871948,128,random,0.03150057629682124,0.0009982461051312264,0.03144902713829652,0.033234247006475925
VA_f_0,cupy_shfl,262144,6871948,128,random,0.004842824535444379,4.178095117160137e-06,0.004841101821511984,0.004848367068916559
VA_f_0,dace_normal,262144,6871948,128,random,0.051642765989527106,0.00031475662666091773,0.05149712087586522,0.051778838969767094
VA_f_0,dace_strided,262144,6871948,128,random,0.02025919547304511,1.7436739917038186e-05,0.020249234046787024,0.020270791370421648
GAT_f_1,cupy,262144,6871948,128,random,0.0005386609118431807,6.27385500932822e-06,0.0005367635749280453,0.0005411827005445957
GAT_f_1,dace_normal,262144,6871948,128,random,0.0003828394692391157,6.49240587930387e-05,0.0003812522627413273,0.00041111139580607414
GAT_f_1,dace_strided,262144,6871948,128,random,0.0006045547779649496,1.536539358449613e-05,0.0006001759320497513,0.000609302893280983
GAT_f_2,cupy,262144,6871948,128,random,0.00026790634728968143,6.009241863154545e-06,0.00026637036353349686,0.00027288636192679405
GAT_f_2,dace_normal,262144,6871948,128,random,0.00028167362324893475,1.698996963696536e-05,0.00028070155531167984,0.0002925158478319645
GAT_f_2,dace_strided,262144,6871948,128,random,0.0003017804119735956,1.3666449968601629e-05,0.0002988339401781559,0.0003063715994358063
GAT_b_0,cupy,262144,6871948,128,random,0.03218296938575804,0.0010957998520945678,0.03163415240123868,0.03391971919336356
GAT_b_0,cupy_shfl,262144,6871948,128,random,0.005014467053115368,5.0459777031853145e-06,0.005010618362575769,0.00501643493771553
GAT_b_0,dace_normal,262144,6871948,128,random,0.05104747833684087,0.00016077671602852196,0.05093295173719525,0.05113563919439912
GAT_b_0,dace_strided,262144,6871948,128,random,0.015249229269102216,1.371339576742928e-05,0.015237648040056229,0.015251653734594584
GAT_b_1,cupy,262144,6871948,128,random,0.0007870250847190619,6.2398711506045875e-06,0.0007826541550457478,0.0007882688660174608
GAT_b_1,dace_normal,262144,6871948,128,random,0.0007531279698014259,1.9066979038819982e-05,0.0007497149053961039,0.0007587717846035957
GAT_b_1,dace_strided,262144,6871948,128,random,0.0008834793698042631,1.7260847706853353e-05,0.000880769919604063,0.0008895958308130503
AGNN_f_0,cupy,262144,6871948,128,random,0.020738963969051838,0.00012833777562210017,0.02071820804849267,0.02086115605197847
AGNN_f_0,cupy_shfl,262144,6871948,128,random,0.005286072380840778,8.52170842569081e-06,0.005284193204715848,0.0052927950688172135
AGNN_f_0,dace_normal,262144,6871948,128,random,0.057036254089325666,0.00031632809809264924,0.05687041161581874,0.05724440633202903
AGNN_f_0,dace_strided,262144,6871948,128,random,0.02264457242563367,3.195829976174657e-05,0.022634570486843586,0.022662729024887085
AGNN_b_0,cupy,262144,6871948,128,random,0.036347713554278016,2.4057118485747008e-05,0.03632888477295637,0.036375022027641535
AGNN_b_0,cupy_shfl,262144,6871948,128,random,0.010375409852713346,6.232411145286598e-06,0.010373268276453018,0.010384295135736465
AGNN_b_0,dace_normal,262144,6871948,128,random,0.1078170808032155,0.001646191083473872,0.10722914291545749,0.10866114497184753
AGNN_b_0,dace_strided,262144,6871948,128,random,0.039194850251078606,5.3606695223643304e-05,0.03917263401672244,0.03928107535466552
VA_f_0,cupy,262144,68719477,16,random,0.09211925161071122,6.414745352282676e-05,0.09204659098759294,0.09214106132276356
VA_f_0,cupy_shfl,262144,68719477,16,random,0.016369536519050598,6.399868868557933e-06,0.016365787014365196,0.016373813850805163
VA_f_0,dace_normal,262144,68719477,16,random,0.016784646548330784,9.112344983754727e-06,0.016774246003478765,0.01678821025416255
VA_f_0,dace_strided,262144,68719477,16,random,0.025039731990545988,3.3635846737911414e-05,0.024995483458042145,0.025053576566278934
GAT_f_1,cupy,262144,68719477,16,random,0.003831876441836357,2.0215241267865677e-05,0.003816551063209772,0.0038501499220728874
GAT_f_1,dace_normal,262144,68719477,16,random,0.003114790888503194,6.245798761980601e-06,0.0031073749996721745,0.0031175250187516212
GAT_f_1,dace_strided,262144,68719477,16,random,0.0039916629903018475,8.602355096249813e-06,0.003984716488048434,0.003996814601123333
GAT_f_2,cupy,262144,68719477,16,random,0.0009630210697650909,7.69974574078183e-06,0.000960575882345438,0.0009674488101154566
GAT_f_2,dace_normal,262144,68719477,16,random,0.0022643734700977802,1.5390581520079945e-06,0.002263535268139094,0.0022664410062134266
GAT_f_2,dace_strided,262144,68719477,16,random,0.001222006743773818,2.841999629946692e-06,0.0012196050956845284,0.0012249997816979885
GAT_b_0,cupy,262144,68719477,16,random,0.08315172442235053,0.00010009632711764745,0.08300964580848813,0.08319062506780028
GAT_b_0,cupy_shfl,262144,68719477,16,random,0.019488587509840727,5.757786359706589e-06,0.019485131837427616,0.019492737017571926
GAT_b_0,dace_normal,262144,68719477,16,random,0.0175155489705503,1.8227215236196274e-05,0.01750398613512516,0.017527285497635603
GAT_b_0,dace_strided,262144,68719477,16,random,0.013623617589473724,1.3063449900014997e-05,0.013616070861462503,0.01362988748587668
GAT_b_1,cupy,262144,68719477,16,random,0.006694750627502799,2.0934662269828936e-05,0.006683405954390764,0.006713725859299302
GAT_b_1,dace_normal,262144,68719477,16,random,0.00543983350507915,2.326150999098049e-05,0.005428020842373371,0.005466360133141279
GAT_b_1,dace_strided,262144,68719477,16,random,0.007469535572454333,3.115844624678765e-05,0.007445521705085412,0.0075056422501802444
AGNN_f_0,cupy,262144,68719477,16,random,0.030279152560979128,1.7876706094381626e-05,0.030262101907283068,0.03029390936717391
AGNN_f_0,cupy_shfl,262144,68719477,16,random,0.02223230735398829,9.097830000305931e-06,0.02222519344650209,0.022239713929593563
AGNN_f_0,dace_normal,262144,68719477,16,random,0.01872241240926087,1.5171474009689883e-05,0.01871745102107525,0.018744823057204485
AGNN_f_0,dace_strided,262144,68719477,16,random,0.03386002057231963,2.3738341569086158e-05,0.033839687472209334,0.033884917851537466
AGNN_b_0,cupy,262144,68719477,16,random,0.04758501867763698,3.191478370254428e-05,0.047556353732943535,0.04759459709748626
AGNN_b_0,cupy_shfl,262144,68719477,16,random,0.04132038448005915,0.0001655358354904915,0.04123724324163049,0.04137820914038457
AGNN_b_0,dace_normal,262144,68719477,16,random,0.03739734855480492,6.551622510530317e-05,0.03731796098873019,0.03743472887435928
AGNN_b_0,dace_strided,262144,68719477,16,random,0.07768433424644172,0.00030463198135902007,0.07762915873900056,0.07773638796061277
VA_f_0,cupy,262144,68719477,128,random,1.61824172292836,0.0007542246428950687,1.6180111516732723,1.6187597315292805
VA_f_0,cupy_shfl,262144,68719477,128,random,0.04473040020093322,3.7296487152183634e-05,0.04470369475893676,0.04477661498822272
VA_f_0,dace_normal,262144,68719477,128,random,0.2137886348646134,0.0011724598264327743,0.21218631113879383,0.21464821603149176
VA_f_0,dace_strided,262144,68719477,128,random,0.5730568601284176,0.00029485011175028414,0.5728386426344514,0.5732498981524259
GAT_f_1,cupy,262144,68719477,128,random,0.0038149633910506964,1.8081545773283075e-05,0.003801750484853983,0.0038308189250528812
GAT_f_1,dace_normal,262144,68719477,128,random,0.003118226770311594,5.532807845230974e-06,0.0031103782821446657,0.003120720386505127
GAT_f_1,dace_strided,262144,68719477,128,random,0.003979552071541548,1.0352826971219425e-05,0.003971247933804989,0.0039883602468762545
GAT_f_2,cupy,262144,68719477,128,random,0.0009646196849644184,5.005178181745522e-06,0.0009635468013584614,0.0009681591764092445
GAT_f_2,dace_normal,262144,68719477,128,random,0.0023745631333440542,2.249454938396877e-06,0.0023720040917396545,0.0023754071444272995
GAT_f_2,dace_strided,262144,68719477,128,random,0.0012224549427628517,1.162129435868905e-06,0.0012219985947012901,0.0012236959300935268
GAT_b_0,cupy,262144,68719477,128,random,1.6061397618614137,0.0010551961450614637,1.6050969939678907,1.606810507364571
GAT_b_0,cupy_shfl,262144,68719477,128,random,0.04640603740699589,3.3396657311195155e-05,0.046399227576330304,0.046436700504273176
GAT_b_0,dace_normal,262144,68719477,128,random,0.22805103100836277,0.001376868945670158,0.22657574294134974,0.22918895701877773
GAT_b_0,dace_strided,262144,68719477,128,random,0.2395871344488114,0.00024327259728236926,0.23943266249261796,0.23979634745046496
GAT_b_1,cupy,262144,68719477,128,random,0.006717733573168516,2.6015334937253057e-05,0.006699233781546354,0.006728328997269273
GAT_b_1,dace_normal,262144,68719477,128,random,0.005439514527097344,2.4527937730389826e-05,0.005427109077572823,0.00546177476644516
GAT_b_1,dace_strided,262144,68719477,128,random,0.006802089046686888,2.4415597157683937e-05,0.0067933849059045315,0.006827993551269174
AGNN_f_0,cupy,262144,68719477,128,random,0.5243506783153862,0.000248811653858264,0.5242078085429966,0.5245642131194472
AGNN_f_0,cupy_shfl,262144,68719477,128,random,0.048876584973186255,2.0012504358174735e-05,0.0488688200712204,0.048899014480412006
AGNN_f_0,dace_normal,262144,68719477,128,random,0.21486056968569756,0.001303632718783211,0.21399568859487772,0.21569919562898576
AGNN_f_0,dace_strided,262144,68719477,128,random,0.621704388409853,0.00026170453048022927,0.6215962460264564,0.6219483409076929
AGNN_b_0,cupy,262144,68719477,128,random,0.5221243752166629,0.00021315448286317865,0.5219379486516118,0.5221764161251485
AGNN_b_0,cupy_shfl,262144,68719477,128,random,0.09818562702275813,5.254765222161191e-05,0.09812784552341328,0.0982141038402915
AGNN_b_0,dace_normal,262144,68719477,128,random,0.4704128815792501,0.003773808574340742,0.4688926679082215,0.47511299792677164
AGNN_b_0,dace_strided,262144,68719477,128,random,0.9072214704938233,0.00042716974634521634,0.9069307991303504,0.9075368349440396
VA_f_0,cupy,524288,27487791,16,random,0.0437673544511199,0.0001837947314173846,0.04350102972239256,0.04389021685346961
VA_f_0,cupy_shfl,524288,27487791,16,random,0.007039516232907772,4.4674180751581176e-06,0.007034785114228725,0.007044040597975254
VA_f_0,dace_normal,524288,27487791,16,random,0.010571197373792529,3.735465292592273e-05,0.010548911057412624,0.010599382972577587
VA_f_0,dace_strided,524288,27487791,16,random,0.010650532087311149,2.6508058034690752e-05,0.010628672316670418,0.010665625100955367
GAT_f_1,cupy,524288,27487791,16,random,0.0015974938869476318,8.70097316625795e-06,0.0015933786053210497,0.0016035526059567928
GAT_f_1,dace_normal,524288,27487791,16,random,0.0010971254669129848,2.054278666844798e-05,0.001092574093490839,0.001104716444388032
GAT_f_1,dace_strided,524288,27487791,16,random,0.0016324319876730442,1.6599518097548927e-05,0.0016281567513942719,0.0016358538996428251
GAT_f_2,cupy,524288,27487791,16,random,0.0005824214313179255,5.859982068852583e-06,0.0005787895061075687,0.0005858924705535173
GAT_f_2,dace_normal,524288,27487791,16,random,0.0009073354303836823,1.3411064251367287e-05,0.0009064571931958199,0.0009091184474527836
GAT_f_2,dace_strided,524288,27487791,16,random,0.0006248161662369967,1.3193466021710507e-05,0.0006226832047104836,0.0006274660117924213
GAT_b_0,cupy,524288,27487791,16,random,0.034694233909249306,0.0005462038259785052,0.03416535654105246,0.03523147199302912
GAT_b_0,cupy_shfl,524288,27487791,16,random,0.00829789787530899,1.3313167066014591e-05,0.008296377025544643,0.008312554098665714
GAT_b_0,dace_normal,524288,27487791,16,random,0.008364431327208877,1.4305213973440557e-05,0.008359258994460106,0.008377505000680685
GAT_b_0,dace_strided,524288,27487791,16,random,0.005789001472294331,1.3374816508363747e-05,0.005776198580861092,0.005795949371531606
GAT_b_1,cupy,524288,27487791,16,random,0.002711209934204817,2.4245609505649706e-05,0.002699586097151041,0.0027207094244658947
GAT_b_1,dace_normal,524288,27487791,16,random,0.002297578379511833,2.077086253027969e-05,0.002288149669766426,0.002301650121808052
GAT_b_1,dace_strided,524288,27487791,16,random,0.0030340065713971853,1.9384824242553455e-05,0.003030009102076292,0.0030427081510424614
AGNN_f_0,cupy,524288,27487791,16,random,0.013904442777857184,3.480943415790647e-05,0.013888543704524636,0.01395183615386486
AGNN_f_0,cupy_shfl,524288,27487791,16,random,0.01001550699584186,9.160374726484196e-06,0.010012352326884865,0.010025972034782171
AGNN_f_0,dace_normal,524288,27487791,16,random,0.012925730552524328,9.426374183122757e-05,0.012783144135028124,0.01295555690303445
AGNN_f_0,dace_strided,524288,27487791,16,random,0.014446309767663479,4.9543476152310726e-05,0.014420616207644343,0.014497508993372321
AGNN_b_0,cupy,524288,27487791,16,random,0.018873383989557624,2.0810342446087165e-05,0.018863460049033165,0.018890713341534138
AGNN_b_0,cupy_shfl,524288,27487791,16,random,0.01938814390450716,5.492278920396233e-06,0.01938364189118147,0.019393252208828926
AGNN_b_0,dace_normal,524288,27487791,16,random,0.02160764718428254,0.0007776914729711565,0.021534697152674198,0.022555784787982702
AGNN_b_0,dace_strided,524288,27487791,16,random,0.030461227521300316,4.3988504634499125e-05,0.030444291420280933,0.030493889935314655
VA_f_0,cupy,524288,27487791,128,random,0.14450863492675126,0.08335896098047627,0.14441639534197748,0.1457485117134628
VA_f_0,cupy_shfl,524288,27487791,128,random,0.01930326665751636,1.2125029759029683e-05,0.019298655912280083,0.019315633468795567
VA_f_0,dace_normal,524288,27487791,128,random,0.2360545787960291,0.0009779446919678475,0.23545975796878338,0.23682934721000493
VA_f_0,dace_strided,524288,27487791,128,random,0.09866643347777426,0.0028252863630504753,0.0984116611070931,0.10130573203787208
GAT_f_1,cupy,524288,27487791,128,random,0.0016103724483400583,8.023441068076374e-06,0.001607431098818779,0.0016190104652196169
GAT_f_1,dace_normal,524288,27487791,128,random,0.0010950025171041489,1.5744563172497515e-05,0.0010919850319623947,0.0011015408672392368
GAT_f_1,dace_strided,524288,27487791,128,random,0.0016422965563833714,1.1796792520177361e-05,0.0016387694049626589,0.0016462579369544983
GAT_f_2,cupy,524288,27487791,128,random,0.0005790991708636284,6.776200393522623e-06,0.000577535480260849,0.0005811934825032949
GAT_f_2,dace_normal,524288,27487791,128,random,0.0008680399041622877,1.350683223475806e-05,0.000867609865963459,0.0008688750676810741
GAT_f_2,dace_strided,524288,27487791,128,random,0.0006049340590834618,1.3073140599590173e-05,0.0006040034990292042,0.0006061489228159189
GAT_b_0,cupy,524288,27487791,128,random,0.1436593655962497,0.09479086253364966,0.14358474593609571,0.14412272674962878
GAT_b_0,cupy_shfl,524288,27487791,128,random,0.01997405313886702,7.299559083514119e-06,0.019970875466242433,0.019981968216598034
GAT_b_0,dace_normal,524288,27487791,128,random,0.20238708099350333,0.0011286569861657268,0.2015308125410229,0.20313359703868628
GAT_b_0,dace_strided,524288,27487791,128,random,0.06837357138283551,2.0124170916028535e-05,0.06836057449690998,0.06838214118033648
GAT_b_1,cupy,524288,27487791,128,random,0.002631203969940543,1.5236671226968441e-05,0.0026270849630236626,0.0026390813291072845
GAT_b_1,dace_normal,524288,27487791,128,random,0.002115057548508048,2.0449223308825895e-05,0.002111795824021101,0.0021237717010080814
GAT_b_1,dace_strided,524288,27487791,128,random,0.0029598555993288755,3.114837743048002e-05,0.0029501323588192463,0.002967973006889224
AGNN_f_0,cupy,524288,27487791,128,random,0.18439876404590905,0.01367263801706971,0.1842636507935822,0.1845442650374025
AGNN_f_0,cupy_shfl,524288,27487791,128,random,0.021522636990994215,6.422003269933878e-06,0.02151956654852256,0.021527490112930536
AGNN_f_0,dace_normal,524288,27487791,128,random,0.3108886778354645,0.0009978357287873405,0.30958329257555306,0.3113782226573676
AGNN_f_0,dace_strided,524288,27487791,128,random,0.21795430756174028,0.000305302775655917,0.21765094256261364,0.21818783855997026
AGNN_b_0,cupy,524288,27487791,128,random,0.1523762634024024,4.430601513418908e-05,0.15234012296423316,0.1524074540939182
AGNN_b_0,cupy_shfl,524288,27487791,128,random,0.04208543011918664,1.2468201275177945e-05,0.0420736032538116,0.0420931507833302
AGNN_b_0,dace_normal,524288,27487791,128,random,0.36537082050926983,0.001484111511724136,0.3639980647712946,0.36652310471981764
AGNN_b_0,dace_strided,524288,27487791,128,random,0.29737430857494473,0.0003102128008949328,0.29703080211766064,0.2976315738633275
VA_f_0,cupy,524288,274877907,16,random,0.6296035819686949,0.0009041376715570357,0.6287342198193073,0.6305407341569662
VA_f_0,cupy_shfl,524288,274877907,16,random,0.06754091894254088,1.6244572838982828e-05,0.06753394216066226,0.06755287991836667
VA_f_0,dace_normal,524288,274877907,16,random,0.0726479277946055,8.003357470558572e-05,0.07255813991650939,0.07269008504226804
VA_f_0,dace_strided,524288,274877907,16,random,0.19759563286788762,0.0001119545813496954,0.19755356619134545,0.197748732753098
GAT_f_1,cupy,524288,274877907,16,random,0.01447655656374991,7.195700043469501e-05,0.014431196730583906,0.014566005673259497
GAT_f_1,dace_normal,524288,274877907,16,random,0.011286044027656317,1.843051000923092e-05,0.011268408969044685,0.011297469027340412
GAT_f_1,dace_strided,524288,274877907,16,random,0.015262986533343792,9.156807580059552e-05,0.015176519518718123,0.015317053068429232
GAT_f_2,cupy,524288,274877907,16,random,0.003535399679094553,7.761344839849022e-06,0.0035338704474270344,0.0035395678132772446
GAT_f_2,dace_normal,524288,274877907,16,random,0.008270161459222436,6.421660263410851e-06,0.008265479002147913,0.008274020161479712
GAT_f_2,dace_strided,524288,274877907,16,random,0.004624394467100501,4.0297030441987565e-06,0.004620332270860672,0.004628101829439402
GAT_b_0,cupy,524288,274877907,16,random,0.5970281618647277,0.0005480634397311983,0.596456503495574,0.597439250908792
GAT_b_0,cupy_shfl,524288,274877907,16,random,0.07944976375438273,0.0002777031222286816,0.07931655598804355,0.07950801798142493
GAT_b_0,dace_normal,524288,274877907,16,random,0.07067903806455433,0.00041419594783644303,0.07059733546338975,0.07080263132229447
GAT_b_0,dace_strided,524288,274877907,16,random,0.07812117761932313,2.8419921756301823e-05,0.07810096349567175,0.07814290560781956
GAT_b_1,cupy,524288,274877907,16,random,0.028288920177146792,0.0001527946806868985,0.028143252711743116,0.028443556744605303
GAT_b_1,dace_normal,524288,274877907,16,random,0.019948517438024282,3.2086125425433254e-05,0.01993569592013955,0.019991925917565823
GAT_b_1,dace_strided,524288,274877907,16,random,0.029174352530390024,0.00019528142547031962,0.0290604280307889,0.02938339114189148
AGNN_f_0,cupy,524288,274877907,16,random,0.22179230791516602,0.00013474307017487318,0.22168226167559624,0.2219412629492581
AGNN_f_0,cupy_shfl,524288,274877907,16,random,0.09481852641329169,5.972657331466151e-05,0.09475962002761662,0.09488047193735838
AGNN_f_0,dace_normal,524288,274877907,16,random,0.08590049156919122,0.0003852302329861072,0.08586991904303432,0.08603996685124002
AGNN_f_0,dace_strided,524288,274877907,16,random,0.250610975548625,0.00018608838452265173,0.2504222742281854,0.2507199002429843
AGNN_b_0,cupy,524288,274877907,16,random,0.2625726868864149,0.0002027957872160649,0.2623719444964081,0.26268351916223764
AGNN_b_0,cupy_shfl,524288,274877907,16,random,0.18114715605042875,0.00017398626468172662,0.18103214399889112,0.1812605056911707
AGNN_b_0,dace_normal,524288,274877907,16,random,0.17371295392513275,0.00019201841141279832,0.17365905735641718,0.17382404021918774
AGNN_b_0,dace_strided,524288,274877907,16,random,0.43945016991347075,0.00019354987757010732,0.4393574388232082,0.4396916450932622
VA_f_0,cupy,524288,274877907,128,random,7.021129400469363,0.004210491149580252,7.01737465756014,7.024617162533104
VA_f_0,cupy_shfl,524288,274877907,128,random,0.18282665498554707,4.723023447457441e-05,0.18276854418218136,0.18283662176690996
VA_f_0,dace_normal,524288,274877907,128,random,1.0124392095021904,0.001220821355083507,1.0116188246756792,1.0138144260272384
VA_f_0,dace_strided,524288,274877907,128,random,2.6360808960162103,0.0008749319879402226,2.6351417866535485,2.636662325123325
GAT_f_1,cupy,524288,274877907,128,random,0.014614944579079747,0.0001762306200919189,0.014558881986886263,0.014721938874572515
GAT_f_1,dace_normal,524288,274877907,128,random,0.011291715549305081,2.5232699284558466e-05,0.011261519975960255,0.011305144988000393
GAT_f_1,dace_strided,524288,274877907,128,random,0.01521024014800787,5.1933969041541846e-05,0.015143073163926601,0.01523276837542653
GAT_f_2,cupy,524288,274877907,128,random,0.003531773341819644,6.920606191105192e-06,0.0035284548066556454,0.0035343545023351908
GAT_f_2,dace_normal,524288,274877907,128,random,0.008606260176748037,6.20990306452914e-06,0.008601553505286574,0.00860713329166174
GAT_f_2,dace_strided,524288,274877907,128,random,0.004615675657987595,4.084480162213809e-06,0.004611887037754059,0.004619250074028969
GAT_b_0,cupy,524288,274877907,128,random,6.973149166442454,0.0023036901817966083,6.97134754108265,6.974703902681358
GAT_b_0,cupy_shfl,524288,274877907,128,random,0.18907718895934522,0.0001545208250168626,0.18892598804086447,0.18913944833911955
GAT_b_0,dace_normal,524288,274877907,128,random,1.0606268600095063,0.001966097890127293,1.0596267774235457,1.0614259192079771
GAT_b_0,dace_strided,524288,274877907,128,random,1.111698198132217,0.00021443519739387774,1.1115935640409589,1.1118383868597448
GAT_b_1,cupy,524288,274877907,128,random,0.028197136474773288,0.0002227904688826701,0.02798627410084009,0.02834990411065519
GAT_b_1,dace_normal,524288,274877907,128,random,0.01997747947461903,6.657965055325305e-05,0.019965828862041235,0.02000156184658408
GAT_b_1,dace_strided,524288,274877907,128,random,0.03089812328107655,0.0008709808769844373,0.02944356994703412,0.03139149583876133
AGNN_f_0,cupy,524288,274877907,128,random,2.3314438725356013,0.0007351121244439608,2.3308009379543364,2.332080498803407
AGNN_f_0,cupy_shfl,524288,274877907,128,random,0.20412065624259412,0.00010625920877659142,0.20400218479335308,0.2042092604096979
AGNN_f_0,dace_normal,524288,274877907,128,random,0.9365907229948789,0.0018140079448156169,0.9344811523333192,0.9373997984919697
AGNN_f_0,dace_strided,524288,274877907,128,random,2.7823249788489193,0.0010173703100107437,2.7810448985546827,2.7830349700525403
AGNN_b_0,cupy,524288,274877907,128,random,2.2870097714476287,0.0005735265137494228,2.2862892583943903,2.2874224956613034
AGNN_b_0,cupy_shfl,524288,274877907,128,random,0.40016368799842894,0.00014567992219486527,0.40008068084716797,0.4002256328123622
AGNN_b_0,dace_normal,524288,274877907,128,random,2.2464372750837356,0.0030353600854831895,2.2436315326485783,2.247519486641977
AGNN_b_0,dace_strided,524288,274877907,128,random,4.074276001192629,0.0017001295919827342,4.073605042882264,4.07659300416708
VA_f_0,cupy,131072,1717987,16,kronecker,0.0006561919581145048,2.1512526943036318e-05,0.0006401315331459045,0.0006762791890650988
VA_f_0,cupy_shfl,131072,1717987,16,kronecker,0.002626522909849882,3.99368263977997e-05,0.002589982934296131,0.002680365927517414
VA_f_0,dace_normal,131072,1717987,16,kronecker,0.0006401864811778069,2.6872214980841132e-05,0.0006275898776948452,0.0006605915259569883
VA_f_0,dace_strided,131072,1717987,16,kronecker,0.0005306170787662268,1.8681761897758577e-05,0.0005225790664553642,0.0005438006483018398
GAT_f_1,cupy,131072,1717987,16,kronecker,0.000256967032328248,7.928268050281677e-06,0.0002553379163146019,0.0002593640238046646
GAT_f_1,dace_normal,131072,1717987,16,kronecker,0.00025313906371593475,1.4639519833530334e-05,0.0002508810721337795,0.000260763568803668
GAT_f_1,dace_strided,131072,1717987,16,kronecker,0.00027863006107509136,1.340053406104609e-05,0.0002746395766735077,0.0002841339446604252
GAT_f_2,cupy,131072,1717987,16,kronecker,0.00021260534413158894,5.152937831331779e-06,0.00021112802787683904,0.00021494459360837936
GAT_f_2,dace_normal,131072,1717987,16,kronecker,0.000196047592908144,1.470460215952401e-05,0.00019307900220155716,0.00019983297097496687
GAT_f_2,dace_strided,131072,1717987,16,kronecker,0.00023227068595588207,1.567924858752449e-05,0.00022716494277119637,0.0002402986865490675
GAT_b_0,cupy,131072,1717987,16,kronecker,0.0007352316752076149,1.4483880873407011e-05,0.0007166508585214615,0.0007474473677575588
GAT_b_0,cupy_shfl,131072,1717987,16,kronecker,0.0032873298041522503,3.2390815950694116e-05,0.003260343801230192,0.0033130289521068335
GAT_b_0,dace_normal,131072,1717987,16,kronecker,0.0006790487095713615,2.63517299465223e-05,0.0006722440011799335,0.0007158624939620495
GAT_b_0,dace_strided,131072,1717987,16,kronecker,0.0006006378680467606,2.023033867035249e-05,0.0005958019755780697,0.0006197653710842133
GAT_b_1,cupy,131072,1717987,16,kronecker,0.000342358136549592,8.197819820700612e-06,0.00034075300209224224,0.0003522406332194805
GAT_b_1,dace_normal,131072,1717987,16,kronecker,0.00038197077810764313,1.528037233096184e-05,0.00038054725155234337,0.00039295852184295654
GAT_b_1,dace_strided,131072,1717987,16,kronecker,0.00036981701850891113,1.75715398692346e-05,0.00036869130562990906,0.0003814930387306958
AGNN_f_0,cupy,131072,1717987,16,kronecker,0.0005536249373108149,2.0382793524617925e-05,0.0005431582685559988,0.0005621174350380898
AGNN_f_0,cupy_shfl,131072,1717987,16,kronecker,0.0035141336265951395,2.8105082107473933e-05,0.0034884007181972265,0.0035262995166704058
AGNN_f_0,dace_normal,131072,1717987,16,kronecker,0.0007352745160460472,1.8723646205083347e-05,0.0007281433790922165,0.0007413525599986315
AGNN_f_0,dace_strided,131072,1717987,16,kronecker,0.0006027021445333958,2.7297935693496547e-05,0.0006010753568261862,0.0006364849396049976
AGNN_b_0,cupy,131072,1717987,16,kronecker,0.0009588166140019894,2.769858444622968e-05,0.0009471436496824026,0.000983878265833482
AGNN_b_0,cupy_shfl,131072,1717987,16,kronecker,0.005377394612878561,3.780899028615838e-05,0.005348312435671687,0.005412419093772769
AGNN_b_0,dace_normal,131072,1717987,16,kronecker,0.0011939909309148788,3.237410022725849e-05,0.0011870463204104453,0.0012396557722240686
AGNN_b_0,dace_strided,131072,1717987,16,kronecker,0.0009782644920051098,2.6974665539331802e-05,0.0009618184994906187,0.0010109911672770977
VA_f_0,cupy,131072,1717987,128,kronecker,0.004979006014764309,0.0002109779083599744,0.004830693826079369,0.005252018105238676
VA_f_0,cupy_shfl,131072,1717987,128,kronecker,0.004524194868281484,4.566788934269184e-05,0.004502654075622559,0.0045812600292265415
VA_f_0,dace_normal,131072,1717987,128,kronecker,0.005904652876779437,0.00012282512491226216,0.005828180816024542,0.00597037915722467
VA_f_0,dace_strided,131072,1717987,128,kronecker,0.003679404966533184,8.946824230027895e-05,0.003614458255469799,0.0037424974143505096
GAT_f_1,cupy,131072,1717987,128,kronecker,0.0002552804071456194,5.667491312559478e-06,0.00025321682915091515,0.0002571325749158859
GAT_f_1,dace_normal,131072,1717987,128,kronecker,0.0002560489811003208,1.4094569341725015e-05,0.0002535576932132244,0.00025950605049729347
GAT_f_1,dace_strided,131072,1717987,128,kronecker,0.00027929339557886124,1.2497944234207486e-05,0.00027677882462739944,0.00028375210240483284
GAT_f_2,cupy,131072,1717987,128,kronecker,0.00021384446881711483,4.5327820096881875e-06,0.000212768092751503,0.00021738861687481403
GAT_f_2,dace_normal,131072,1717987,128,kronecker,0.00019656401127576828,1.5655743486417693e-05,0.00019202521070837975,0.00020250491797924042
GAT_f_2,dace_strided,131072,1717987,128,kronecker,0.00023115705698728561,1.542032850559662e-05,0.00022768834605813026,0.00023570330813527107
GAT_b_0,cupy,131072,1717987,128,kronecker,0.005046983947977424,0.00013856019261884796,0.004917365964502096,0.005173553945496678
GAT_b_0,cupy_shfl,131072,1717987,128,kronecker,0.005158559186384082,4.7101987774717484e-05,0.005105018150061369,0.005184956826269627
GAT_b_0,dace_normal,131072,1717987,128,kronecker,0.0054655843414366245,0.00018015798610889893,0.005325640086084604,0.005666330922394991
GAT_b_0,dace_strided,131072,1717987,128,kronecker,0.003573058405891061,0.00014452094992079955,0.003473953576758504,0.0037159149069339037
GAT_b_1,cupy,131072,1717987,128,kronecker,0.00034513394348323345,6.593726654359885e-06,0.0003421260043978691,0.0003518965095281601
GAT_b_1,dace_normal,131072,1717987,128,kronecker,0.00038078450597822666,1.780323934525936e-05,0.0003765705041587353,0.0003840555436909199
GAT_b_1,dace_strided,131072,1717987,128,kronecker,0.00037767249159514904,1.649224560562189e-05,0.0003715711645781994,0.00038275694823823863
AGNN_f_0,cupy,131072,1717987,128,kronecker,0.00372089771553874,0.00012203375674664891,0.003670471825171262,0.0038410588167607784
AGNN_f_0,cupy_shfl,131072,1717987,128,kronecker,0.005559514509513974,0.00013287702927836014,0.00548231415450573,0.005658078007400036
AGNN_f_0,dace_normal,131072,1717987,128,kronecker,0.005738073028624058,0.00019296649370435394,0.00559569476172328,0.005920980125665665
AGNN_f_0,dace_strided,131072,1717987,128,kronecker,0.004044817527756095,0.0002658971849578613,0.003816339187324047,0.004233512096107006
AGNN_b_0,cupy,131072,1717987,128,kronecker,0.007460789522156119,0.000287298628473253,0.0072468959260731936,0.007628023251891136
AGNN_b_0,cupy_shfl,131072,1717987,128,kronecker,0.007834384916350245,0.00011190717233253717,0.007763618137687445,0.00786630013026297
AGNN_b_0,dace_normal,131072,1717987,128,kronecker,0.01118384930305183,0.0002380230417685601,0.010896110907196999,0.011408382561057806
AGNN_b_0,dace_strided,131072,1717987,128,kronecker,0.007024613441899419,0.00037066937766225646,0.006935523444553837,0.0072913814801722765
VA_f_0,cupy,131072,17179869,16,kronecker,0.0029166738968342543,7.782770224845859e-05,0.0028175199404358864,0.0029496264178305864
VA_f_0,cupy_shfl,131072,17179869,16,kronecker,0.008297279942780733,0.0003528110813609167,0.008015141356736422,0.008669557981193066
VA_f_0,dace_normal,131072,17179869,16,kronecker,0.002732236171141267,6.217990919695003e-05,0.0026759090833365917,0.0028130821883678436
VA_f_0,dace_strided,131072,17179869,16,kronecker,0.0019630277529358864,5.286869797410475e-05,0.0019148900173604488,0.0019878470338881016
GAT_f_1,cupy,131072,17179869,16,kronecker,0.0006585433147847652,1.1871419019094318e-05,0.0006548722740262747,0.0006710009183734655
GAT_f_1,dace_normal,131072,17179869,16,kronecker,0.0007009103428572416,2.041553717227027e-05,0.0006972327828407288,0.0007086577825248241
GAT_f_1,dace_strided,131072,17179869,16,kronecker,0.0007251121569424868,1.515890997749229e-05,0.000723585719242692,0.0007342306373175233
GAT_f_2,cupy,131072,17179869,16,kronecker,0.00042234547436237335,7.14542159017777e-06,0.0004181619733572006,0.00042657600715756416
GAT_f_2,dace_normal,131072,17179869,16,kronecker,0.0005136365070939064,1.4843995080253855e-05,0.0005080224946141243,0.0005209050141274929
GAT_f_2,dace_strided,131072,17179869,16,kronecker,0.0003045408520847559,1.602143841890391e-05,0.00030189426615834236,0.00031031202524900436
GAT_b_0,cupy,131072,17179869,16,kronecker,0.0033758259378373623,9.08241835237479e-05,0.0033289329148828983,0.0033859526738524437
GAT_b_0,cupy_shfl,131072,17179869,16,kronecker,0.010219460586085916,0.0003745582500215203,0.01007430860772729,0.010807952843606472
GAT_b_0,dace_normal,131072,17179869,16,kronecker,0.0026834914460778236,3.585972515187556e-05,0.002653354313224554,0.002713579183910042
GAT_b_0,dace_strided,131072,17179869,16,kronecker,0.0023536845110356808,4.266272377658665e-05,0.0023375730961561203,0.002421742072328925
GAT_b_1,cupy,131072,17179869,16,kronecker,0.001161762047559023,1.2625307934214784e-05,0.0011581298895180225,0.0011788769625127316
GAT_b_1,dace_normal,131072,17179869,16,kronecker,0.001216217176988721,2.3511688527829073e-05,0.001207403838634491,0.0012483664322644472
GAT_b_1,dace_strided,131072,17179869,16,kronecker,0.0011781114153563976,2.8294973214935517e-05,0.001169729046523571,0.001212966162711382
AGNN_f_0,cupy,131072,17179869,16,kronecker,0.0022433714475482702,4.9746783226279414e-05,0.002198298927396536,0.002305914182215929
AGNN_f_0,cupy_shfl,131072,17179869,16,kronecker,0.01121139875613153,0.0002261698994709569,0.011017616605386138,0.011343627702444792
AGNN_f_0,dace_normal,131072,17179869,16,kronecker,0.002835565945133567,5.433694450279497e-05,0.0027950338553637266,0.002893981756642461
AGNN_f_0,dace_strided,131072,17179869,16,kronecker,0.0023061514366418123,4.296680112244294e-05,0.0022728906478732824,0.0023144071456044912
AGNN_b_0,cupy,131072,17179869,16,kronecker,0.004295208025723696,0.00010639979556190246,0.004228149342816323,0.004352606600150466
AGNN_b_0,cupy_shfl,131072,17179869,16,kronecker,0.016353226965293288,0.0006246783300359717,0.016278664115816355,0.01733023999258876
AGNN_b_0,dace_normal,131072,17179869,16,kronecker,0.005773597629740834,0.0001271417558794847,0.00568170053884387,0.005869134794920683
AGNN_b_0,dace_strided,131072,17179869,16,kronecker,0.003961916547268629,0.00012225286785721103,0.003921241033822298,0.004087592009454966
VA_f_0,cupy,131072,17179869,128,kronecker,0.03392644342966378,0.0010928036487254016,0.03344250679947436,0.03544594952836633
VA_f_0,cupy_shfl,131072,17179869,128,kronecker,0.01488436758518219,0.0001608686093561426,0.014748748391866684,0.014941264491062612
VA_f_0,dace_normal,131072,17179869,128,kronecker,0.027473560767248273,0.0003688313194176677,0.02730738604441285,0.027707340428605676
VA_f_0,dace_strided,131072,17179869,128,kronecker,0.021038671024143696,0.000698752707047851,0.020528823835775256,0.021552676573628558
GAT_f_1,cupy,131072,17179869,128,kronecker,0.0006548219826072454,7.944195061951e-06,0.0006521670089568943,0.0006570883560925722
GAT_f_1,dace_normal,131072,17179869,128,kronecker,0.0006638448685407639,1.3931467725095956e-05,0.0006584080401808023,0.0006699743680655956
GAT_f_1,dace_strided,131072,17179869,128,kronecker,0.0007337222341448069,1.319207717519818e-05,0.0007248860783874989,0.0007378286682069302
GAT_f_2,cupy,131072,17179869,128,kronecker,0.00042458646930754185,7.121298317237158e-06,0.000420902157202363,0.00042788032442331314
GAT_f_2,dace_normal,131072,17179869,128,kronecker,0.0005099596455693245,1.6742993583395108e-05,0.0005072541534900665,0.000522467540577054
GAT_f_2,dace_strided,131072,17179869,128,kronecker,0.00030975090339779854,1.3620191521958129e-05,0.0003043031319975853,0.00032304786145687103
GAT_b_0,cupy,131072,17179869,128,kronecker,0.0337516984436661,0.0015223702346347902,0.0333426259458065,0.036074582021683455
GAT_b_0,cupy_shfl,131072,17179869,128,kronecker,0.01704911538399756,0.00017730614935629004,0.016808765940368176,0.017150972969830036
GAT_b_0,dace_normal,131072,17179869,128,kronecker,0.027401397936046124,0.0005883703810626467,0.02692434098571539,0.027825059834867716
GAT_b_0,dace_strided,131072,17179869,128,kronecker,0.019439999712631106,0.000890610485148317,0.018967689014971256,0.020388829056173563
GAT_b_1,cupy,131072,17179869,128,kronecker,0.0010755471885204315,1.1224844349643696e-05,0.001067346427589655,0.0010875421576201916
GAT_b_1,dace_normal,131072,17179869,128,kronecker,0.0011225070338696241,1.8464015337747343e-05,0.0011176248081028461,0.001145696733146906
GAT_b_1,dace_strided,131072,17179869,128,kronecker,0.0010853421408683062,2.147620897350886e-05,0.0010685138404369354,0.0011053183930926024
AGNN_f_0,cupy,131072,17179869,128,kronecker,0.021600182401016355,0.0005893952571871425,0.021009707124903798,0.02212678175419569
AGNN_f_0,cupy_shfl,131072,17179869,128,kronecker,0.017037776531651616,0.00014221082446668143,0.016884033102542162,0.017172472085803747
AGNN_f_0,dace_normal,131072,17179869,128,kronecker,0.026347828097641468,0.0006645851721186824,0.025662119034677744,0.026821902487426996
AGNN_f_0,dace_strided,131072,17179869,128,kronecker,0.022736902115866542,0.0009653134475186542,0.022267183754593134,0.023940749932080507
AGNN_b_0,cupy,131072,17179869,128,kronecker,0.0455298675224185,0.0012866668762026951,0.04432615335099399,0.04642491368576884
AGNN_b_0,cupy_shfl,131072,17179869,128,kronecker,0.026957943802699447,0.0001745360561149579,0.02685310458764434,0.027194171212613583
AGNN_b_0,dace_normal,131072,17179869,128,kronecker,0.06076671811752021,0.0014954311020780623,0.05985433608293533,0.06273802524083294
AGNN_b_0,dace_strided,131072,17179869,128,kronecker,0.06411321018822491,0.0015737227170919865,0.06272168084979057,0.0656831634696573
VA_f_0,cupy,262144,6871948,16,kronecker,0.0017838801722973585,4.50520886610419e-05,0.0017463448457419872,0.0018258239142596722
VA_f_0,cupy_shfl,262144,6871948,16,kronecker,0.006947782123461366,6.368149483033414e-05,0.006904385052621365,0.0069861821830272675
VA_f_0,dace_normal,262144,6871948,16,kronecker,0.0019176516216248274,6.649881175266454e-05,0.0018957178108394146,0.00200434192083776
VA_f_0,dace_strided,262144,6871948,16,kronecker,0.0015316950157284737,2.6877625267787796e-05,0.0015148315578699112,0.0015629073604941368
GAT_f_1,cupy,262144,6871948,16,kronecker,0.0005412159953266382,5.472016027512333e-06,0.0005365400575101376,0.0005437212530523539
GAT_f_1,dace_normal,262144,6871948,16,kronecker,0.0005346480756998062,1.8684293039768923e-05,0.0005286219529807568,0.0005461229011416435
GAT_f_1,dace_strided,262144,6871948,16,kronecker,0.0005331411957740784,1.71317433551499e-05,0.0005197050049901009,0.0005492637865245342
GAT_f_2,cupy,262144,6871948,16,kronecker,0.0004107779823243618,5.914628248733371e-06,0.00040973046561703085,0.00041285622864961624
GAT_f_2,dace_normal,262144,6871948,16,kronecker,0.00040421984158456326,1.7273373410583936e-05,0.00040054926648736,0.00041127996519207954
GAT_f_2,dace_strided,262144,6871948,16,kronecker,0.00030190078541636467,1.5045835029086457e-05,0.00029778527095913887,0.00030501189175993195
GAT_b_0,cupy,262144,6871948,16,kronecker,0.0021878574043512344,3.851533253536375e-05,0.002163062570616603,0.0022257192409597336
GAT_b_0,cupy_shfl,262144,6871948,16,kronecker,0.009281714214012027,9.765017305832128e-05,0.009218760998919606,0.009372984990477562
GAT_b_0,dace_normal,262144,6871948,16,kronecker,0.0019824455957859755,5.7038859179200596e-05,0.0019608093425631523,0.0020706625655293465
GAT_b_0,dace_strided,262144,6871948,16,kronecker,0.0017215199768543243,3.777707290984128e-05,0.0017061315011233091,0.0017631008173339068
GAT_b_1,cupy,262144,6871948,16,kronecker,0.0008061334956437349,1.1016353879048517e-05,0.0008012759499251842,0.0008192153181880713
GAT_b_1,dace_normal,262144,6871948,16,kronecker,0.0008519336115568876,2.1013956543612165e-05,0.0008481228724122047,0.0008598449639976025
GAT_b_1,dace_strided,262144,6871948,16,kronecker,0.0008014142513275146,1.4147362286902552e-05,0.0007971660234034061,0.0008126199245452881
AGNN_f_0,cupy,262144,6871948,16,kronecker,0.001659152563661337,1.1843913588007303e-05,0.0016476591117680073,0.0016699256375432014
AGNN_f_0,cupy_shfl,262144,6871948,16,kronecker,0.010244014207273722,0.00010366333728963757,0.010136201046407223,0.010294467909261584
AGNN_f_0,dace_normal,262144,6871948,16,kronecker,0.002241133013740182,3.97120446427628e-05,0.0022172799799591303,0.0022707590833306313
AGNN_f_0,dace_strided,262144,6871948,16,kronecker,0.0017159730195999146,2.676673634253315e-05,0.0017067494336515665,0.001757536781951785
AGNN_b_0,cupy,262144,6871948,16,kronecker,0.0031384024769067764,2.3778625211724977e-05,0.003125193063169718,0.003145720809698105
AGNN_b_0,cupy_shfl,262144,6871948,16,kronecker,0.015611677430570126,0.0005489780154948003,0.01550093898549676,0.01659163413569331
AGNN_b_0,dace_normal,262144,6871948,16,kronecker,0.00372455851174891,8.005028481955605e-05,0.0036846548318862915,0.003823692910373211
AGNN_b_0,dace_strided,262144,6871948,16,kronecker,0.003044689539819956,9.578320243466316e-05,0.002928358968347311,0.0031426851637661457
VA_f_0,cupy,262144,6871948,128,kronecker,0.021223472896963358,0.0008441000110324471,0.020565839018672705,0.021665754029527307
VA_f_0,cupy_shfl,262144,6871948,128,kronecker,0.01214802567847073,0.000103391671688757,0.012078754603862762,0.012223462108522654
VA_f_0,dace_normal,262144,6871948,128,kronecker,0.02201277855783701,0.0005804604945123072,0.021660106256604195,0.02240068605169654
VA_f_0,dace_strided,262144,6871948,128,kronecker,0.013227855321019888,0.0003960414634602378,0.013145820004865527,0.013310175389051437
GAT_f_1,cupy,262144,6871948,128,kronecker,0.0005083358846604824,9.448520788083195e-06,0.0005031838081777096,0.0005203254986554384
GAT_f_1,dace_normal,262144,6871948,128,kronecker,0.0005081389099359512,1.3643722564041032e-05,0.0005050203762948513,0.0005155201070010662
GAT_f_1,dace_strided,262144,6871948,128,kronecker,0.0005198046565055847,1.9789007315918917e-05,0.0005143157148268073,0.000523843802511692
GAT_f_2,cupy,262144,6871948,128,kronecker,0.0004059264902025461,6.9201677705310965e-06,0.00040480028837919235,0.00040795421227812767
GAT_f_2,dace_normal,262144,6871948,128,kronecker,0.0004059376660734415,1.574566543473015e-05,0.0004024808295071125,0.00041412096470594406
GAT_f_2,dace_strided,262144,6871948,128,kronecker,0.0002995487302541733,1.463172352272121e-05,0.000298486091196537,0.0003054749686270952
GAT_b_0,cupy,262144,6871948,128,kronecker,0.021894715493544936,0.0007822484626164461,0.020755695179104805,0.02214567782357335
GAT_b_0,cupy_shfl,262144,6871948,128,kronecker,0.01375650055706501,0.0001564651121833999,0.013678012881428003,0.013813528959872201
GAT_b_0,dace_normal,262144,6871948,128,kronecker,0.02084373007528484,0.0006171915571471175,0.020579291973263025,0.021528492216020823
GAT_b_0,dace_strided,262144,6871948,128,kronecker,0.011776764877140522,0.00011066201701461825,0.01168883591890335,0.0118638901039958
GAT_b_1,cupy,262144,6871948,128,kronecker,0.0007517084013670683,1.1328694609585176e-05,0.0007450180128216743,0.0007626772858202457
GAT_b_1,dace_normal,262144,6871948,128,kronecker,0.0008664438501000404,1.8819820906731494e-05,0.0008502504788339138,0.0008804909884929657
GAT_b_1,dace_strided,262144,6871948,128,kronecker,0.0008084939327090979,1.0319727637687168e-05,0.0007994989864528179,0.0008124695159494877
AGNN_f_0,cupy,262144,6871948,128,kronecker,0.013918329495936632,0.0004000975708251452,0.013671255204826593,0.014497063122689724
AGNN_f_0,cupy_shfl,262144,6871948,128,kronecker,0.014581804629415274,0.00010763215917626629,0.014456300996243954,0.014661925612017512
AGNN_f_0,dace_normal,262144,6871948,128,kronecker,0.021391388028860092,0.00042411088280362735,0.02116192317334935,0.021674695424735546
AGNN_f_0,dace_strided,262144,6871948,128,kronecker,0.01466153864748776,0.00028472097625718753,0.014571517938748002,0.015072490088641644
AGNN_b_0,cupy,262144,6871948,128,kronecker,0.02548627811484039,0.000605006284970304,0.025197193026542664,0.026171948295086622
AGNN_b_0,cupy_shfl,262144,6871948,128,kronecker,0.022561576450243592,0.00014326681949772082,0.022485622926615177,0.022740581538528204
AGNN_b_0,dace_normal,262144,6871948,128,kronecker,0.04591689957305789,0.0024593175459690923,0.04454273753799498,0.04886916698887944
AGNN_b_0,dace_strided,262144,6871948,128,kronecker,0.028588565532118082,0.0006255452936200188,0.028253267984837294,0.029039574787020683
VA_f_0,cupy,262144,68719477,16,kronecker,0.01113256043754518,0.0002888532209282751,0.010889080818742514,0.011358263436704874
VA_f_0,cupy_shfl,262144,68719477,16,kronecker,0.025473963003605604,0.0001606700118490022,0.02538725407794118,0.02569737401790917
VA_f_0,dace_normal,262144,68719477,16,kronecker,0.011047715554013848,0.00019429363114035914,0.0109413699246943,0.011277036275714636
VA_f_0,dace_strided,262144,68719477,16,kronecker,0.007116104010492563,0.00013864107409264435,0.007077912800014019,0.00720170559361577
GAT_f_1,cupy,262144,68719477,16,kronecker,0.0018619964830577374,2.417411785632812e-05,0.0018563542980700731,0.0018815819639712572
GAT_f_1,dace_normal,262144,68719477,16,kronecker,0.002141889650374651,1.4514094611246623e-05,0.0021267442498356104,0.002155870199203491
GAT_f_1,dace_strided,262144,68719477,16,kronecker,0.0019666249863803387,2.1540712788934708e-05,0.0019489661790430546,0.0019771712832152843
GAT_f_2,cupy,262144,68719477,16,kronecker,0.0011726166121661663,1.034457007751732e-05,0.0011677988804876804,0.0011788439005613327
GAT_f_2,dace_normal,262144,68719477,16,kronecker,0.001678774831816554,5.851005735767027e-06,0.0016745766624808311,0.0016820654273033142
GAT_f_2,dace_strided,262144,68719477,16,kronecker,0.000797963934019208,2.017535823557344e-06,0.0007954859174787998,0.000798968126764521
GAT_b_0,cupy,262144,68719477,16,kronecker,0.012215360067784786,0.0005005495925004077,0.012034899555146694,0.012808031402528286
GAT_b_0,cupy_shfl,262144,68719477,16,kronecker,0.031009095022454858,0.0002468733373426019,0.030898310476914048,0.03139280900359154
GAT_b_0,dace_normal,262144,68719477,16,kronecker,0.009984253905713558,6.876731044472566e-05,0.009938649833202362,0.010081429034471512
GAT_b_0,dace_strided,262144,68719477,16,kronecker,0.007748029660433531,8.696273930436267e-05,0.007710951846092939,0.007811272633261979
GAT_b_1,cupy,262144,68719477,16,kronecker,0.003618010086938739,4.293436828956508e-05,0.0035819534678012133,0.0036426051519811153
GAT_b_1,dace_normal,262144,68719477,16,kronecker,0.004108072957023978,5.502939869239541e-05,0.004066383000463247,0.004144676961004734
GAT_b_1,dace_strided,262144,68719477,16,kronecker,0.003885632613673806,2.8079737933211407e-05,0.0038541252724826336,0.0039057773537933826
AGNN_f_0,cupy,262144,68719477,16,kronecker,0.008301977766677737,8.45242767673336e-05,0.008195268921554089,0.008340801112353802
AGNN_f_0,cupy_shfl,262144,68719477,16,kronecker,0.03316975757479668,0.00041942008957574146,0.032671371242031455,0.033380160329397765
AGNN_f_0,dace_normal,262144,68719477,16,kronecker,0.011076393537223339,0.00017178724889061232,0.010933555196970701,0.011232197983190417
AGNN_f_0,dace_strided,262144,68719477,16,kronecker,0.007971784565597773,0.00013873112947759993,0.007911274197977037,0.008112103678286076
AGNN_b_0,cupy,262144,68719477,16,kronecker,0.016098301392048597,0.00013015017748805067,0.015989287989214063,0.016243218909949064
AGNN_b_0,cupy_shfl,262144,68719477,16,kronecker,0.05541319050826132,0.00038938501262054904,0.05516130686737597,0.05585467396304011
AGNN_b_0,dace_normal,262144,68719477,16,kronecker,0.02521858038380742,0.0008247231791904267,0.024191443109884858,0.025453312089666724
AGNN_b_0,dace_strided,262144,68719477,16,kronecker,0.020682438043877482,0.00016804293663203398,0.020606603007763624,0.02078049606643617
VA_f_0,cupy,262144,68719477,128,kronecker,0.5843421330209821,0.003480920520851121,0.5821637073531747,0.5848309979774058
VA_f_0,cupy_shfl,262144,68719477,128,kronecker,0.04648589086718857,0.0003531643661384754,0.04607065371237695,0.04668740276247263
VA_f_0,dace_normal,262144,68719477,128,kronecker,0.11445984221063554,0.0020950649942536106,0.11363825295120478,0.11488543445011601
VA_f_0,dace_strided,262144,68719477,128,kronecker,0.1729444987140596,0.0017085759104146256,0.17242791015887632,0.17456742660142482
GAT_f_1,cupy,262144,68719477,128,kronecker,0.0018685574177652597,1.8565902180202482e-05,0.0018541770987212658,0.001884527737274766
GAT_f_1,dace_normal,262144,68719477,128,kronecker,0.0021293070167303085,6.8039286819664014e-06,0.0021231480583082884,0.0021333720069378614
GAT_f_1,dace_strided,262144,68719477,128,kronecker,0.0019583641551434994,2.6901960279180794e-05,0.0019531692378222942,0.0019883327186107635
GAT_f_2,cupy,262144,68719477,128,kronecker,0.0011807119008153677,9.29201597409102e-06,0.0011785626411437988,0.0011871629394590855
GAT_f_2,dace_normal,262144,68719477,128,kronecker,0.0016787189524620771,2.8824644355816992e-06,0.001674565952271223,0.0016797929536551237
GAT_f_2,dace_strided,262144,68719477,128,kronecker,0.0007987185381352901,1.9704818673412937e-06,0.0007978281937539577,0.0008007548749446869
GAT_b_0,cupy,262144,68719477,128,kronecker,0.5712706269696355,0.003639557305312025,0.5688894740305841,0.5742003691848367
GAT_b_0,cupy_shfl,262144,68719477,128,kronecker,0.051626070868223906,0.0004677510034384384,0.0514997870195657,0.052079726941883564
GAT_b_0,dace_normal,262144,68719477,128,kronecker,0.11364058358594775,0.0023698469770738993,0.1116067273542285,0.115704350406304
GAT_b_0,dace_strided,262144,68719477,128,kronecker,0.08643329190090299,0.001200548969284166,0.08604934299364686,0.0878214230760932
GAT_b_1,cupy,262144,68719477,128,kronecker,0.003594332840293646,3.439849462229432e-05,0.003579949028789997,0.003626864869147539
GAT_b_1,dace_normal,262144,68719477,128,kronecker,0.0037643066607415676,4.977761590973107e-05,0.003727167844772339,0.0037933585699647665
GAT_b_1,dace_strided,262144,68719477,128,kronecker,0.003571398789063096,3.8326225576684555e-05,0.0035460733342915773,0.0035762975458055735
AGNN_f_0,cupy,262144,68719477,128,kronecker,0.1819847053848207,0.0014539063422961474,0.1814521357882768,0.1835183990187943
AGNN_f_0,cupy_shfl,262144,68719477,128,kronecker,0.05281846667639911,0.0003886700255774302,0.05257732607424259,0.053179796086624265
AGNN_f_0,dace_normal,262144,68719477,128,kronecker,0.10748246149159968,0.0016612492440103825,0.10627951985225081,0.10848783701658249
AGNN_f_0,dace_strided,262144,68719477,128,kronecker,0.20716925710439682,0.001997043708214953,0.20572287493851035,0.20846954081207514
AGNN_b_0,cupy,262144,68719477,128,kronecker,0.23756659729406238,0.0024693653762206834,0.2355653657577932,0.23978136596269906
AGNN_b_0,cupy_shfl,262144,68719477,128,kronecker,0.09289830550551414,0.0006907512891732196,0.09226427949033678,0.09335244540125132
AGNN_b_0,dace_normal,262144,68719477,128,kronecker,0.2561900338623673,0.007808982218392755,0.2520740176551044,0.2590281330049038
AGNN_b_0,dace_strided,262144,68719477,128,kronecker,0.3961792152840644,0.005952768613540419,0.394151087384671,0.4017921320628375
VA_f_0,cupy,524288,27487791,16,kronecker,0.007628642255440354,0.00014298084560204896,0.007556254044175148,0.007741343230009079
VA_f_0,cupy_shfl,524288,27487791,16,kronecker,0.01859901030547917,0.00010322012090977882,0.01853277487680316,0.018662654096260667
VA_f_0,dace_normal,524288,27487791,16,kronecker,0.0057246878277510405,4.838997802515051e-05,0.005697571043856442,0.0057934923097491264
VA_f_0,dace_strided,524288,27487791,16,kronecker,0.0048525778111070395,0.00011891935824439702,0.004705711966380477,0.004929069895297289
GAT_f_1,cupy,524288,27487791,16,kronecker,0.001298818038776517,1.7118362005326683e-05,0.0012880130670964718,0.0013136910274624825
GAT_f_1,dace_normal,524288,27487791,16,kronecker,0.0013429075479507446,2.4228209634398984e-05,0.0013243933208286762,0.0013487350661307573
GAT_f_1,dace_strided,524288,27487791,16,kronecker,0.0012933267280459404,1.794766155693339e-05,0.0012786192819476128,0.001304268604144454
GAT_f_2,cupy,524288,27487791,16,kronecker,0.000872395932674408,1.824447988867433e-05,0.0008690548129379749,0.0008840400259941816
GAT_f_2,dace_normal,524288,27487791,16,kronecker,0.0009556310251355171,1.9920398735891523e-05,0.000951813068240881,0.0009595670271664858
GAT_f_2,dace_strided,524288,27487791,16,kronecker,0.0005899043753743172,1.7343166183329735e-05,0.0005863122642040253,0.000592568889260292
GAT_b_0,cupy,524288,27487791,16,kronecker,0.008296402171254158,0.0002350547715116766,0.008265236392617226,0.00840180809609592
GAT_b_0,cupy_shfl,524288,27487791,16,kronecker,0.022305774968117476,0.00025035422405377813,0.022113617975264788,0.022607756545767188
GAT_b_0,dace_normal,524288,27487791,16,kronecker,0.0060579420533031225,7.711330571962261e-05,0.005988371092826128,0.0061197178438305855
GAT_b_0,dace_strided,524288,27487791,16,kronecker,0.004941294901072979,6.552706317618643e-05,0.004922383930534124,0.005032403860241175
GAT_b_1,cupy,524288,27487791,16,kronecker,0.0024390225298702717,3.149655469228983e-05,0.0024227758403867483,0.002459235955029726
GAT_b_1,dace_normal,524288,27487791,16,kronecker,0.002367543987929821,2.4514355415958138e-05,0.0023607038892805576,0.002396797761321068
GAT_b_1,dace_strided,524288,27487791,16,kronecker,0.002473232802003622,2.0224481341417562e-05,0.002449402119964361,0.0024865991435945034
AGNN_f_0,cupy,524288,27487791,16,kronecker,0.005770532414317131,0.0001267002440307382,0.005739927291870117,0.005805546056944877
AGNN_f_0,cupy_shfl,524288,27487791,16,kronecker,0.025320671033114195,0.00029925919227600584,0.02510244263103232,0.025519666727632284
AGNN_f_0,dace_normal,524288,27487791,16,kronecker,0.0071281255222857,4.806080532314511e-05,0.007104969117790461,0.007200823863968253
AGNN_f_0,dace_strided,524288,27487791,16,kronecker,0.005851784022524953,7.679133783224896e-05,0.00583089143037796,0.0059871431440114975
AGNN_b_0,cupy,524288,27487791,16,kronecker,0.01079376949928701,0.00020120994639459652,0.01058896305039525,0.010962695581838489
AGNN_b_0,cupy_shfl,524288,27487791,16,kronecker,0.040431753266602755,0.00027335854891376933,0.04014689032919705,0.04067219980061054
AGNN_b_0,dace_normal,524288,27487791,16,kronecker,0.013287823414430022,0.00014854291273961164,0.01320784306153655,0.013348168460652232
AGNN_b_0,dace_strided,524288,27487791,16,kronecker,0.012648105388507247,7.442138968650211e-05,0.012606830103322864,0.012758365832269192
VA_f_0,cupy,524288,27487791,128,kronecker,0.08485583285801113,0.001319538389979722,0.08423751033842564,0.08621324598789215
VA_f_0,cupy_shfl,524288,27487791,128,kronecker,0.03262548381462693,0.00023463717728752355,0.03243569564074278,0.03283789427950978
VA_f_0,dace_normal,524288,27487791,128,kronecker,0.08348771743476391,0.00080902872263911,0.0827099597081542,0.0841541865374893
VA_f_0,dace_strided,524288,27487791,128,kronecker,0.054030200000852346,0.0013438318955313366,0.05326000042259693,0.05499802785925567
GAT_f_1,cupy,524288,27487791,128,kronecker,0.0012107337825000286,1.3786153807036155e-05,0.0012034946121275425,0.0012181629426777363
GAT_f_1,dace_normal,524288,27487791,128,kronecker,0.001256945077329874,1.829777968899761e-05,0.0012498348951339722,0.0012684529647231102
GAT_f_1,dace_strided,524288,27487791,128,kronecker,0.0011951806955039501,1.3887714518410209e-05,0.0011887899599969387,0.0012056869454681873
GAT_f_2,cupy,524288,27487791,128,kronecker,0.0008359821513295174,9.09391924358708e-06,0.0008288160897791386,0.0008454630151391029
GAT_f_2,dace_normal,524288,27487791,128,kronecker,0.0009132567793130875,1.8639105303106945e-05,0.0009088527876883745,0.0009176288731396198
GAT_f_2,dace_strided,524288,27487791,128,kronecker,0.0005884538404643536,1.6979652796684077e-05,0.0005854582414031029,0.0005922582931816578
GAT_b_0,cupy,524288,27487791,128,kronecker,0.08548754849471152,0.0020764486560198615,0.0845191590487957,0.08622176805511117
GAT_b_0,cupy_shfl,524288,27487791,128,kronecker,0.03646265110000968,0.0002668079961297922,0.03624550811946392,0.036672987043857574
GAT_b_0,dace_normal,524288,27487791,128,kronecker,0.08133676927536726,0.0012292880992801835,0.08027362613938749,0.08224117988720536
GAT_b_0,dace_strided,524288,27487791,128,kronecker,0.04107487853616476,0.000711891597269229,0.040932118659839034,0.0418929373845458
GAT_b_1,cupy,524288,27487791,128,kronecker,0.0023147850297391415,1.9771253348261597e-05,0.0023082811385393143,0.0023326189257204533
GAT_b_1,dace_normal,524288,27487791,128,kronecker,0.002213530708104372,2.1125376662040132e-05,0.0022009366657584906,0.00223359907977283
GAT_b_1,dace_strided,524288,27487791,128,kronecker,0.0024557861033827066,3.180691446812926e-05,0.00242226617410779,0.002486838959157467
AGNN_f_0,cupy,524288,27487791,128,kronecker,0.05779059394262731,0.0015451562026932218,0.05738327279686928,0.05989339970983565
AGNN_f_0,cupy_shfl,524288,27487791,128,kronecker,0.039061420829966664,0.00024493964209622136,0.038915498182177544,0.03925814456306398
AGNN_f_0,dace_normal,524288,27487791,128,kronecker,0.07794400188140571,0.0010701416089320113,0.07738214498385787,0.07829941436648369
AGNN_f_0,dace_strided,524288,27487791,128,kronecker,0.05964226275682449,0.0010175240850789358,0.05932273739017546,0.06061245803721249
AGNN_b_0,cupy,524288,27487791,128,kronecker,0.10401026625186205,0.0023454570581660393,0.10309565486386418,0.10526908771134913
AGNN_b_0,cupy_shfl,524288,27487791,128,kronecker,0.06322276615537703,0.0003645963445540487,0.06280681677162647,0.06362544605508447
AGNN_b_0,dace_normal,524288,27487791,128,kronecker,0.17294379160739481,0.002768506804353183,0.17038410436362028,0.17551283724606037
AGNN_b_0,dace_strided,524288,27487791,128,kronecker,0.141100607579574,0.006145620544885917,0.14061331888660789,0.14310688061523247
